condition_id,nbar,motional_heating_s^-1,motional_dephasing_s^-1,spin_dephasing_s^-1,photon_scattering_s^-1,h_XX_rad_per_gate,gamma_XX_per_gate,dominant_local_pauli,dominant_local_gamma_per_gate,dominant_correlated_pauli,dominant_correlated_gamma_per_gate,average_infidelity,abs_chi_II_XX,chi_XX_XX,generator_frobenius_norm,hamiltonian_fit_frobenius_norm,pauli_dissipator_fit_frobenius_norm,unmodeled_generator_frobenius_norm,generator_reconstruction_error,generator_imaginary_frobenius_norm,gamma_nnls_residual,cptp_projection_iterations,cptp_min_choi_eigenvalue,cptp_tp_frobenius_error,cptp_relative_final_step
rates_044a6c959026d60d,0.01,10.0,18.0,1.6666666666666667,4.0,0.013736439995296156,0.00016386288010400012,XI,0.0005506212555291529,XX,0.00016386288010400012,0.001813541399046237,0.013713919771338392,0.00035267248835188053,0.07833909456292376,0.07770503896031877,0.009001609830333029,0.004232218989667572,3.901901388967732e-15,1.9012316247420256e-15,0.004232218981399138,1.0,4.848239730439004e-08,2.6536977915471907e-18,5.584180182919049e-16
rates_044a6c959026d60d,1.0,10.0,18.0,1.6666666666666667,4.0,0.028806286308252424,0.0006158918454831904,IX,0.001070436337776339,XX,0.0006158918454831904,0.0035116779476614293,0.02868885502801279,0.0014431533122967928,0.16392773904452068,0.16295296311494048,0.01576209157465875,0.008378061201815978,4.971603472633833e-15,1.7320280227133323e-15,0.008378061200213227,1.0,1.1789937863932495e-07,1.1126662629244762e-16,4.440679593009853e-16
rates_044a6c959026d60d,2.0,10.0,18.0,1.6666666666666667,4.0,0.04373985769714746,0.00148471183752537,XI,0.0015667253436389527,XX,0.00148471183752537,0.005848435966511545,0.043409862202775144,0.003382636486818382,0.2489212349522119,0.2474299998864814,0.024244313359023478,0.012344619721139337,5.742517088772752e-15,2.617292875891914e-15,0.012344619707916156,1.0,8.881844023854775e-08,1.110531760049421e-16,1.081490730040794e-15
rates_044a6c959026d60d,3.0,10.0,18.0,1.6666666666666667,4.0,0.05837731699678697,0.0027233463285766648,XI,0.0020339648552024957,XX,0.0027233463285766648,0.008745826844785577,0.057680507377997604,0.00608391404786828,0.3324007378718303,0.3302319737272513,0.034329329233168566,0.016080771758280852,5.5329806871601734e-15,2.890703660556861e-15,0.01608077174116726,5.0,-2.9872616589041955e-12,2.220562074070076e-16,6.56415614751083e-12
rates_044a6c959026d60d,4.0,10.0,18.0,1.6666666666666667,4.0,0.0727108556346369,0.004293105072219966,XI,0.002476204062771766,XX,0.004293105072219966,0.012149520283638894,0.07146333163855749,0.009470493549673185,0.41433930816716236,0.41131471268105346,0.04596102074458976,0.01961769600795566,5.499182398381932e-15,2.0078356761827647e-15,0.019617695999498412,4.0,-1.1176140262713237e-12,2.505220696187662e-16,2.8239294555200345e-12
rates_270dbb0a181563d6,0.01,10.0,36.0,3.3333333333333335,4.0,0.013728930787562352,0.0003251041686135154,IX,0.000771875104291474,XX,0.0003251041686135154,0.0024273221688236647,0.013703862894144407,0.000513819269181255,0.07887140909100089,0.07766256046665286,0.012377006256826653,0.0060029650908511945,7.018734874364813e-15,2.4264150556979634e-15,0.006002965081809085,1.0,1.3085723608475282e-07,1.1104968335690746e-16,5.668915424466444e-16
rates_270dbb0a181563d6,1.0,10.0,36.0,3.3333333333333335,4.0,0.02876671527906471,0.0007734587175133947,IX,0.001704086246062722,XX,0.0007734587175133947,0.0047721455150124825,0.028629138279740746,0.0016004107456472514,0.16490273736030636,0.16272911557034322,0.02305116884141685,0.013445867382230553,5.977236594107131e-15,2.4262630673070564e-15,0.013445867378717086,1.0,1.770540550109763e-07,3.2329403214148155e-19,8.227851883047335e-16
rates_270dbb0a181563d6,2.0,10.0,36.0,3.3333333333333335,4.0,0.04364907424190668,0.0016394734333437457,XI,0.002595845614235612,XX,0.0016394734333437457,0.007719189250050818,0.04325820669658133,0.003532645742532887,0.25025747098726014,0.24691645111193808,0.03518078905747694,0.02057620073090638,5.2869299082529824e-15,2.366929557912322e-15,0.020576200723038354,1.0,1.5928720854381675e-07,1.575935352614536e-16,8.418826590799729e-16
rates_270dbb0a181563d6,3.0,10.0,36.0,3.3333333333333335,4.0,0.0582199515732293,0.002874552917684441,IX,0.0034391639690472702,XX,0.002874552917684441,0.011183889713007655,0.05740188489825684,0.006218581089327838,0.33402001048542207,0.3293417804623163,0.04854816416315905,0.027320959042094913,6.001045279812615e-15,2.847311924361473e-15,0.02732095901499759,5.0,-2.895636995149266e-12,1.5701076537469086e-16,6.495402056583916e-12
rates_270dbb0a181563d6,4.0,10.0,36.0,3.3333333333333335,4.0,0.07247481759961232,0.00443916345145169,XI,0.004239219037293496,XX,0.00443916345145169,0.015112316298325545,0.07102954815421313,0.00957875546855896,0.4161782767555843,0.40997947991960687,0.06311979215013652,0.03372055644588085,6.0679839411662036e-15,2.2754349273489003e-15,0.033720556439501906,4.0,-2.5368054083141185e-12,2.490047235334376e-16,5.1702590372676855e-12
rates_2bd2b1433a45a59b,0.01,10.0,18.0,13.333333333333334,4.0,0.013736591616828163,0.00016385682897535276,XI,0.0005505665235984252,XY,0.0003578845133032815,0.0027439193010536655,0.013698082117615898,0.00035247330990556823,0.07902926144898569,0.07770589666128158,0.013724859096210212,0.004364175984941567,4.1714909138331825e-15,2.34489319446929e-15,0.004364175938732952,1.0,5.670968878430455e-07,2.462834046101629e-18,1.043085101807772e-15
rates_2bd2b1433a45a59b,1.0,10.0,18.0,13.333333333333334,4.0,0.02880639144359513,0.0006158863178390431,IX,0.0010703963470648926,XX,0.0006158863178390431,0.004440115993404614,0.02865551144270765,0.001441652108781838,0.16442558224672807,0.16295355785025722,0.020261429808403102,0.008448937402866416,6.267496139098966e-15,2.270773295219903e-15,0.008448937397405477,1.0,7.643272888898143e-07,2.482537654988708e-16,1.3812267464378141e-15
rates_2bd2b1433a45a59b,2.0,10.0,18.0,13.333333333333334,4.0,0.04373997347962952,0.0014846961329606312,IX,0.0015666956605948825,XX,0.0014846961329606312,0.006774158168063505,0.043359366009947185,0.003378859538016976,0.249388900073436,0.24743065485104268,0.028621658801250997,0.0123973855020806,4.711545896597754e-15,2.7082653833359837e-15,0.01239738549255359,1.0,8.117379283867233e-07,1.0049758129202296e-17,4.159875877279017e-16
rates_2bd2b1433a45a59b,3.0,10.0,18.0,13.333333333333334,4.0,0.058377433650700646,0.0027233445385878865,IX,0.0020339443785731747,XX,0.0027233445385878865,0.009668180790327163,0.057613372214732755,0.006076998786424799,0.33287323229097326,0.3302326336214622,0.038613226843491416,0.01612498620174546,4.207246164699277e-15,2.5216038498924245e-15,0.016124986179337768,1.0,5.899346060409349e-07,2.2205357680268377e-16,1.7819164369604217e-15
rates_2bd2b1433a45a59b,4.0,10.0,18.0,13.333333333333334,4.0,0.07271099403838785,0.004293105522488873,IX,0.0024761900335336126,XX,0.004293105522488873,0.013067928463625922,0.07138014588085013,0.009459632818668831,0.4148292766688085,0.4113154956109068,0.0501646200030306,0.019657129797412253,5.021478997968105e-15,2.3301614852945564e-15,0.019657129790081582,1.0,7.746658172733129e-07,2.5211979765506056e-17,7.470755355406665e-16
rates_4f154ffd26e66cb6,0.01,10.0,72.0,3.3333333333333335,4.0,0.013715636318720649,0.0006473921921969295,IX,0.0012127197701426282,XX,0.0006473921921969295,0.0033844816956269067,0.013700544788554337,0.0008363291427901233,0.08018539847907696,0.07758735559420235,0.017868448688231515,0.009519397177510158,4.442957211426459e-15,2.4477636905846993e-15,0.009519397168542963,1.0,1.1057542483546265e-07,2.7060835374337385e-18,7.097178790998583e-16
rates_4f154ffd26e66cb6,1.0,10.0,72.0,3.3333333333333335,4.0,0.02869160226472485,0.001094641014655629,IX,0.0029596733507947733,XX,0.001094641014655629,0.007003664873007409,0.028563647768914766,0.00192721343100275,0.16798519380106466,0.16230421219598407,0.036398145887458135,0.023484952965197797,3.96072143335221e-15,1.9658270970128066e-15,0.023484952962727818,1.0,1.522564644283231e-07,1.1126156985222064e-16,5.721104439441331e-16
rates_4f154ffd26e66cb6,2.0,10.0,72.0,3.3333333333333335,4.0,0.04347401654591971,0.0019669606884436495,XI,0.004625188301498129,XX,0.0019669606884436495,0.011139269334419845,0.04304554161754465,0.003868072794193712,0.2548814636529057,0.2459261752404043,0.05594766781259831,0.03680672916471385,5.125609733844899e-15,2.5431404366748054e-15,0.03680672916051353,1.0,8.489450586596191e-08,1.0394702223645605e-17,8.652323190556346e-16
rates_4f154ffd26e66cb6,3.0,10.0,72.0,3.3333333333333335,4.0,0.05791454150385376,0.00321090935006844,IX,0.006198214221250041,XX,0.00321090935006844,0.015696898460949082,0.056970753863957724,0.006554977369726828,0.3399568930054264,0.327614120213529,0.07615974337306601,0.04938998712256398,4.563578414952849e-15,2.590833092446202e-15,0.04938998711675153,5.0,-4.170043101147031e-12,1.5712035884787164e-16,8.369367327419762e-12
rates_4f154ffd26e66cb6,4.0,10.0,72.0,3.3333333333333335,4.0,0.07201545095174665,0.004784063098658391,XI,0.007687906749946406,XX,0.004784063098658391,0.02062624203961958,0.0703229663645571,0.0099007263625705,0.4232372809408318,0.4073809097455122,0.09701569001342643,0.06130698365052812,4.579927257136619e-15,2.195409509823851e-15,0.06130698364872091,1.0,9.77727268128888e-08,1.576610021996136e-16,9.458187325953306e-16
rates_5052894f24b711d8,0.01,10.0,18.0,3.3333333333333335,4.0,0.013736447028339389,0.00016386527935669193,XI,0.000550611275765521,XY,0.00017450344307439313,0.0019465362328617176,0.013711641390219822,0.0003526354700301498,0.07841802659148828,0.07770507874522968,0.009658777303025147,0.004244484976011461,4.7758627178402485e-15,2.7945039479885877e-15,0.004244484963835774,1.0,1.428608172687386e-07,5.059887573216212e-18,4.985688364924723e-16
rates_5052894f24b711d8,1.0,10.0,18.0,3.3333333333333335,4.0,0.02880627467169461,0.0006158910031808071,XI,0.0010704333394205763,XX,0.0006158910031808071,0.0036443888636148005,0.028684062691241085,0.0014429278518201655,0.16398940826081754,0.16295289728864418,0.01638835037946997,0.00838458459373003,6.852307135220679e-15,1.949124620306763e-15,0.008384584589610281,1.0,1.5063595090476833e-07,1.1113648745792656e-16,6.5468492214444355e-16
rates_5052894f24b711d8,2.0,10.0,18.0,3.3333333333333335,4.0,0.043739865582729485,0.0014847122636456828,IX,0.001566725304167278,XX,0.0014847122636456828,0.005980763570991244,0.04340263584845564,0.003382089696423682,0.24898187137641414,0.24743004449401043,0.024856299216610676,0.012349483594368538,5.331329044833518e-15,2.829654562819179e-15,0.012349483586337738,1.0,1.9773835155994304e-07,2.4828947505386217e-16,9.99230751522129e-16
rates_5052894f24b711d8,3.0,10.0,18.0,3.3333333333333335,4.0,0.0583773119797686,0.002723344384544099,XI,0.0020339702591774225,XX,0.002723344384544099,0.0088776686136546,0.05767089042547644,0.006082913078079178,0.3324635247309235,0.33023194534675865,0.03493043748074551,0.016084840266801178,6.557074505996693e-15,3.4524445607403477e-15,0.016084840238170407,5.0,-1.7627657681608713e-12,1.1147696846533798e-16,4.059542288593595e-12
rates_5052894f24b711d8,4.0,10.0,18.0,3.3333333333333335,4.0,0.07271085859203336,0.00429310288793495,XI,0.0024762036153670305,XX,0.00429310288793495,0.012280798073157762,0.07145142553223241,0.009468928188377366,0.4144055239454565,0.4113147294106149,0.04655249610280557,0.019621334128416528,4.510107273364042e-15,2.346438339567737e-15,0.019621334123498455,1.0,8.42607615440891e-08,1.155846258020422e-16,1.1215567135877416e-15
rates_5f6c6c21f7229406,0.01,10.0,9.0,3.3333333333333335,4.0,0.013740443423537231,8.321168491794837e-05,XI,0.0004397704169951392,YX,0.0001744850430308503,0.0017055816128289437,0.01371710071239771,0.00027205285768642265,0.07824389690256073,0.07772768577038655,0.008316835239982267,0.0033681625360992566,4.785484163006115e-15,2.7250698031421962e-15,0.0033681625173586005,1.0,1.255173265548628e-07,3.3310336983587745e-16,4.51016480755563e-16
rates_5f6c6c21f7229406,1.0,10.0,9.0,3.3333333333333335,4.0,0.028826549720998542,0.0005378756824278574,XI,0.0007521200017020204,XX,0.0005378756824278574,0.003077461084756905,0.02871723827141669,0.0013657065878798502,0.16369619638472044,0.1630675902874531,0.013084916021637036,0.005847279826977124,5.4810511021534995e-15,1.9785410112091327e-15,0.005847279822377929,1.0,1.5438185943961966e-07,2.484052452989651e-16,8.661283653970834e-16
rates_5f6c6c21f7229406,2.0,10.0,9.0,3.3333333333333335,4.0,0.04378607400956264,0.0014096330038982422,IX,0.0010484740310881548,XX,0.0014096330038982422,0.005104263654724939,0.04348482457498346,0.0033112744489394914,0.24861614031505927,0.2476914388297637,0.019786603312132757,0.008211375339547971,5.2233274778001344e-15,2.4149424937679615e-15,0.008211375321289344,1.0,1.7672310641140022e-07,2.3543715058792502e-17,6.896179610721753e-16
rates_5f6c6c21f7229406,3.0,10.0,9.0,3.3333333333333335,4.0,0.05845721479138188,0.00265213362979613,IX,0.0013247896726901606,XX,0.00265213362979613,0.007711717489899162,0.05781962952177365,0.006023660625758475,0.33205891661916237,0.33068394390612543,0.028332065893216025,0.01041860793027096,4.1977299182537275e-15,2.607318327048184e-15,0.010418607893240568,5.0,-1.9059367185802517e-12,1.5825507270201612e-16,3.930963803871183e-12
rates_5f6c6c21f7229406,4.0,10.0,9.0,3.3333333333333335,4.0,0.0728304964221806,0.004226963679209137,XI,0.0015847310601769863,XX,0.004226963679209137,0.010845641208565217,0.07168078553859522,0.009427659161476077,0.41398657234440633,0.41199150317846794,0.038622899311882335,0.012496200981138943,5.5768527284652965e-15,3.755458266570578e-15,0.012496200965674588,4.0,-2.0892111619542733e-12,1.1150971609907036e-16,5.1802303304378795e-12
rates_7418570e02de0b71,0.01,10.0,18.0,0.0,4.0,0.013736439484403198,0.00016385770990196184,XI,0.0005506198601484468,XX,0.00016385770990196184,0.0016805168170431985,0.013716205141390615,0.0003527103592248204,0.07826678447277174,0.07770503607025162,0.008354030113370249,0.0042222152826570545,6.8303844843953605e-15,2.2153824320322833e-15,0.004222215276725053,1.0,1.609396878190429e-08,3.1402872177389094e-16,3.9433914283683633e-16
rates_7418570e02de0b71,1.0,10.0,18.0,0.0,4.0,0.028806252748413697,0.0006158896697152908,IX,0.00107043630748107,XX,0.0006158896697152908,0.00337893294062539,0.028693603518131775,0.0014433762446810021,0.16386892195520159,0.16295277327183072,0.015143141004529083,0.008372726335921721,3.63726833728216e-15,2.1052953282192827e-15,0.008372726333846031,1.0,7.185451537487093e-08,1.9236699544940364e-16,6.426448502821027e-16
rates_7418570e02de0b71,2.0,10.0,18.0,0.0,4.0,0.043739851954824924,0.0014847038078333232,XI,0.0015667337218965556,XX,0.0014847038078333232,0.005716079720911438,0.043417092445721346,0.0033831796318807704,0.24886265672203267,0.2474299674030362,0.02363770177892097,0.012340672440814987,5.9045121209543684e-15,1.986529867893523e-15,0.012340672426276532,1.0,1.7536547547733744e-08,1.1152192732720486e-16,6.351177697282153e-16
rates_7418570e02de0b71,3.0,10.0,18.0,0.0,4.0,0.058377285523671815,0.002723352969640072,XI,0.0020339646605560743,XX,0.002723352969640072,0.008613959107363912,0.057690089649530964,0.006084918692792245,0.33233928143153607,0.3302317956884322,0.03373239711330492,0.016077452653131125,5.670189144214686e-15,2.5725438969880757e-15,0.01607745263968288,5.0,-2.9591630722043446e-12,1.1148641618808393e-16,6.432853306960037e-12
rates_7418570e02de0b71,4.0,10.0,18.0,0.0,4.0,0.07271081777790803,0.004293112056780818,IX,0.002476205079248909,XX,0.004293112056780818,0.01201822304553506,0.07147520468093924,0.009472061246592051,0.41427413535275276,0.41131449853103363,0.04537293901163537,0.019614762957568088,6.1966279387555785e-15,2.8025548526112208e-15,0.01961476295556564,4.0,-1.3144695339519145e-12,1.1110622126659826e-16,2.876526967751806e-12
rates_8237b1a36457cbc1,0.01,10.0,18.0,3.3333333333333335,16.0,0.013736781655356873,0.00016385621572917084,XI,0.0006255194890082293,YX,0.0005145829166760273,0.003619981525493543,0.013683210044043442,0.000352463047198183,0.0799655766503001,0.0777069716814689,0.018316033834029202,0.00454344645628207,4.758430942728672e-15,2.6547814847523804e-15,0.004543446351826394,1.0,1.3993021430631714e-06,1.1102265540265013e-16,6.69686456299423e-16
rates_8237b1a36457cbc1,1.0,10.0,18.0,3.3333333333333335,16.0,0.028806563949894233,0.000615882118860514,XI,0.0011453657789345735,XX,0.000615882118860514,0.005314289611402146,0.02862417605984544,0.001440489528951264,0.16504243381269595,0.16295453369324456,0.024733287420967906,0.008549233941537625,4.98560088925738e-15,2.3979394780302464e-15,0.008549233918782168,1.0,1.7376190514187734e-06,1.111439995020892e-16,6.569911048809858e-16
rates_8237b1a36457cbc1,2.0,10.0,18.0,3.3333333333333335,16.0,0.04374012422876242,0.0014846941450179702,IX,0.0016416681689842337,XX,0.0014846941450179702,0.007645717086350779,0.04331184167597928,0.0033756360179961137,0.24993213687646004,0.24743150761710184,0.03298729818585772,0.012472379097788356,3.857331387610623e-15,2.194800406623158e-15,0.012472379069577271,1.0,1.8436656808108372e-06,1.5739592379537496e-16,6.871256463101621e-16
rates_8237b1a36457cbc1,3.0,10.0,18.0,3.3333333333333335,16.0,0.05837762107510594,0.0027233185353130384,XI,0.0021089124707336813,XX,0.0027233185353130384,0.010536495847203576,0.0575502136739884,0.006070856858817109,0.3333990905588509,0.3302336938540145,0.04287901833330404,0.01618798368463608,5.573185294358983e-15,2.2458450420089413e-15,0.016187983656899645,1.0,1.7457146145615044e-06,1.5702095576048983e-16,1.189476819276181e-15
rates_8237b1a36457cbc1,4.0,10.0,18.0,3.3333333333333335,16.0,0.07271112311185676,0.004293108011321961,XI,0.00255116623344429,XX,0.004293108011321961,0.013932471141230085,0.07130179008460161,0.009449854842418488,0.41535798674741464,0.4113162257606758,0.05433789066074278,0.01971327520731523,4.5110689263684555e-15,2.8357094498908163e-15,0.019713275202631712,1.0,1.8699625839477767e-06,3.369220193603767e-17,6.004523004907109e-16
rates_85cf44b10a0a8ca1,0.01,5.0,18.0,3.3333333333333335,4.0,0.013732521610271263,0.00016379082361508876,XI,0.00042864376935099885,XY,0.0001745059291376235,0.001751968028092943,0.0137069692950199,0.00035219447875622836,0.07821928393323503,0.07768287322736546,0.008536147274442569,0.00328051457520486,4.446792048171195e-15,2.023901668869677e-15,0.0032805145659720604,1.0,1.3840907174569983e-07,1.1105957779379828e-16,7.235939148138789e-16
rates_85cf44b10a0a8ca1,1.0,5.0,18.0,3.3333333333333335,4.0,0.028802247089589197,0.0006157369940520758,XI,0.0009508010245114587,XX,0.0006157369940520758,0.003454089682804629,0.028682871170842315,0.0014421790548198904,0.16381248812527274,0.16293011384368958,0.015267632568286704,0.007430253322381436,4.769654947126153e-15,2.738079611798994e-15,0.007430253317694417,1.0,1.3256398912128237e-07,1.1130412917589853e-16,4.2914211163251133e-16
rates_85cf44b10a0a8ca1,2.0,5.0,18.0,3.3333333333333335,4.0,0.04373559480519993,0.0014844642344641068,IX,0.0014493808862986017,XX,0.0014844642344641068,0.005794732659017932,0.04340467933075137,0.0033812246680010416,0.24880750480844316,0.24740588532801164,0.023775379377139545,0.011411997613883592,5.382489836094284e-15,2.320919193920802e-15,0.011411997603307376,1.0,1.6510893039183176e-07,1.1146307993071078e-16,6.981742550174997e-16
rates_85cf44b10a0a8ca1,3.0,5.0,18.0,3.3333333333333335,4.0,0.05837277512028374,0.002723021006639527,XI,0.0019188553080589157,XX,0.002723021006639527,0.008695906507376795,0.05767593733641805,0.006082130797962677,0.3322878152533389,0.3302062809940364,0.03389743904060373,0.015164688734458464,4.4650388523218605e-15,2.8199455835085677e-15,0.015164688682683267,6.0,-6.846146644375197e-13,1.1145621857291649e-16,1.4714900962321118e-12
rates_85cf44b10a0a8ca1,4.0,5.0,18.0,3.3333333333333335,4.0,0.07270585277100235,0.004292704857485139,XI,0.0023632402291514547,XX,0.004292704857485139,0.012103210548924093,0.07145905866154566,0.00946835276060777,0.41422602890756133,0.41128641221063356,0.04556666591463717,0.018718149290368157,5.393127350739216e-15,2.562110235143175e-15,0.018718149285746548,1.0,1.2615008034718012e-07,8.917206221254708e-18,1.2747080221801255e-15
rates_8a9b52e075933311,0.01,10.0,18.0,3.3333333333333335,8.0,0.013736517980131403,0.00016385510008988183,IX,0.0005755918713542603,YX,0.00028785688936422296,0.0025048065671549936,0.01370211717017768,0.00035251617538362633,0.07882317627589619,0.07770548010918786,0.012504010468562268,0.004312911015044693,4.568827679825308e-15,3.435132844280174e-15,0.00431291098548942,1.0,3.9970880109812735e-07,2.220447056485459e-16,6.021822518370139e-16
rates_8a9b52e075933311,1.0,10.0,18.0,3.3333333333333335,8.0,0.028806337091639066,0.0006158867891920346,IX,0.001095414587789558,XX,0.0006158867891920346,0.004201473701202474,0.028664052321476646,0.0014420642381658833,0.16428684404656874,0.16295325038917022,0.01911761339715367,0.008421530287480201,4.755004839939588e-15,2.48794590550382e-15,0.008421530280001971,1.0,4.948585182912097e-07,2.2234344414914365e-16,4.824845590840701e-16
rates_8a9b52e075933311,2.0,10.0,18.0,3.3333333333333335,8.0,0.043739907523769876,0.0014847054576890089,IX,0.00159171788063471,XX,0.0014847054576890089,0.006536193998626594,0.04337230557263876,0.0033798871172721298,0.2492631042715861,0.24743028174836976,0.02751657201716068,0.012376958004873186,4.5061120561533294e-15,3.2909699564684333e-15,0.01237695799572363,1.0,5.431276367000132e-07,1.118645389342958e-16,5.644760695768059e-16
rates_8a9b52e075933311,3.0,10.0,18.0,3.3333333333333335,8.0,0.058377395776671386,0.0027233580846084474,IX,0.0020589579052489315,XX,0.0027233580846084474,0.00943107394335927,0.05763061437087445,0.006078867910199655,0.3327488252130058,0.3302324193735862,0.03753486453167072,0.016107880676625976,4.592954574405838e-15,1.9472254766435565e-15,0.016107880652513666,1.0,2.851481164225616e-07,2.2214685723028337e-16,8.708430944678477e-16
rates_8a9b52e075933311,4.0,10.0,18.0,3.3333333333333335,8.0,0.07271091599290258,0.004293101624669715,XI,0.002501191209804645,XX,0.004293101624669715,0.0128317925002559,0.0714014816505032,0.009462516241065208,0.4147015807884969,0.411315054118954,0.04910729068291446,0.019641826936000025,4.712158371513638e-15,3.0852755648823583e-15,0.01964182693203893,1.0,5.221498674291944e-07,4.813186043233959e-18,8.864163880724336e-16
rates_8ae24337088cca02,0.01,10.0,18.0,3.3333333333333335,2.0,0.013736439594928514,0.00016385451209740122,XI,0.0005381222067254415,XX,0.00016385451209740122,0.0016672167696510699,0.01371643445743625,0.00035270131262408485,0.07825786143748527,0.07770503669552264,0.008269722262063047,0.00422277664865975,6.532537884946038e-15,2.69478098148651e-15,0.004222776639503,4.0,-1.1494938540631711e-12,1.110856312320895e-16,2.6119077650449305e-12
rates_8ae24337088cca02,1.0,10.0,18.0,3.3333333333333335,2.0,0.028806256407968144,0.0006158889358040584,IX,0.001057943502863937,XX,0.0006158889358040584,0.003365674758033688,0.02869408639095608,0.0014433746057766724,0.16386091772574166,0.1629527939734184,0.015055922485378168,0.008372961978487487,4.990245584927035e-15,2.7409766379862957e-15,0.008372961974295021,1.0,3.345173244391894e-08,5.043520653579049e-18,1.4988197372857973e-15
rates_8ae24337088cca02,2.0,10.0,18.0,3.3333333333333335,2.0,0.04373983975557056,0.0014847149427139887,IX,0.0015542276185072136,XX,0.0014847149427139887,0.005702876874650986,0.04341780452479875,0.0033832076951965315,0.24885450895397718,0.24742989839364687,0.0235524017038979,0.01234084201393465,7.02699312061776e-15,2.7763123851962653e-15,0.012340841999855913,1.0,3.236974706591155e-08,1.1146824136265154e-16,2.5770220635948785e-16
rates_8ae24337088cca02,3.0,10.0,18.0,3.3333333333333335,2.0,0.05837730821381574,0.002723333255583216,IX,0.002021462811034646,XX,0.002723333255583216,0.00860079555719846,0.05769107740745137,0.006084953714335248,0.3323310389321557,0.33023192404328505,0.03364976691470543,0.016077592076611715,7.813952906820787e-15,1.6751662907346567e-15,0.016077592064327968,6.0,-7.617314144447234e-13,1.5784310080086596e-16,1.5469684024843278e-12
rates_8ae24337088cca02,4.0,10.0,18.0,3.3333333333333335,2.0,0.0727108288796364,0.00429309069047905,IX,0.0024637044110225803,XX,0.00429309069047905,0.012005124151625246,0.07147641175409558,0.009472138951693375,0.4142654722243215,0.4113145613318934,0.045293147617425804,0.019614889561202175,3.607281562143382e-15,2.4020632606848705e-15,0.019614889555839583,5.0,-2.3191078719134755e-12,2.4836941625853393e-16,4.993369091764094e-12
rates_955f664628d0ac20,0.01,0.0,18.0,3.3333333333333335,4.0,0.013728606312715861,0.00016371404428650342,IX,0.0003066700184668055,XY,0.00017450551696648623,0.0015572765381945076,0.013703377536166772,0.0003518405619942239,0.07805060442691064,0.07766072495976568,0.007436172633166722,0.002326367705126211,5.550466524783254e-15,2.0478926540367213e-15,0.0023263676958010415,1.0,1.4883097001343062e-07,2.8535208698927484e-18,8.599642647038503e-16
rates_955f664628d0ac20,1.0,0.0,18.0,3.3333333333333335,4.0,0.028798192090395858,0.0006155818207841208,XI,0.0008311668222145998,XX,0.0006155818207841208,0.0032636703823535566,0.02868213942081412,0.001441512589377034,0.16364922235744672,0.16290717530426616,0.01415529958550112,0.006476704889590632,5.9744907067909395e-15,2.683396526920179e-15,0.006476704884840697,1.0,1.3258888470991766e-07,2.2204759521065453e-16,5.201413820735895e-16
rates_955f664628d0ac20,2.0,0.0,18.0,3.3333333333333335,4.0,0.043731339550156366,0.0014842166417713292,XI,0.001332033045831638,XX,0.0014842166417713292,0.005608595275837836,0.04340704508047707,0.0033804429368397932,0.24864197539176533,0.2473818139704432,0.022701315254237273,0.010474747211270424,4.072423335364155e-15,3.2467639021657975e-15,0.010474747199561549,1.0,1.4406754554260338e-07,2.222891848457523e-16,5.793498246021196e-16
rates_955f664628d0ac20,3.0,0.0,18.0,3.3333333333333335,4.0,0.05836817268337864,0.002722716917359472,IX,0.0018037209954512633,XX,0.002722716917359472,0.008514019211676783,0.057681140373146866,0.006081438436895726,0.3321180302904687,0.3301802456791044,0.03287072107431789,0.014244546442806509,8.271299192684022e-15,2.8415601490228596e-15,0.014244546426250953,4.0,-4.05569484193538e-12,1.1103430015272075e-16,9.672983707601067e-12
rates_955f664628d0ac20,4.0,0.0,18.0,3.3333333333333335,4.0,0.07270086656218096,0.004292300370436474,IX,0.002250269778307254,XX,0.004292300370436474,0.011925522935825938,0.0714668824652031,0.00946784829882686,0.41405150577091265,0.41125820595407586,0.044586565386599726,0.017815040095982653,4.965870188468725e-15,2.820994301831951e-15,0.017815040083638038,1.0,1.9188733347833993e-07,1.5723643561433292e-16,7.83733600923295e-16
rates_b078dc36ac371a9a,0.01,10.0,18.0,6.666666666666667,4.0,0.013736476382074439,0.00016385441716858023,XI,0.0005505994233691274,YX,0.00023562296125112818,0.0022124333853200894,0.013707101472079104,0.0003525585750702814,0.07859564614628763,0.07770524479501416,0.010994947099280223,0.004275706115182432,4.1380827219403366e-15,3.2769071840702978e-15,0.004275706099260425,1.0,2.5873593843758705e-07,2.482707756049502e-16,5.713840682794188e-16
rates_b078dc36ac371a9a,1.0,10.0,18.0,6.666666666666667,4.0,0.028806319065313443,0.0006158827005135253,IX,0.0010704226024518197,XX,0.0006158827005135253,0.003909733459475362,0.028674548054762872,0.001442483949348075,0.16412244397548734,0.1629531484168723,0.017659750493344978,0.008401264787433613,4.5729571641664996e-15,2.1976917753793345e-15,0.008401264784474338,1.0,3.3150997662421643e-07,1.571108698651519e-16,6.353564668411948e-16
rates_b078dc36ac371a9a,2.0,10.0,18.0,6.666666666666667,4.0,0.04373988463140677,0.0014847064228366393,IX,0.0015667248950400866,XX,0.0014847064228366393,0.006245331922006603,0.04338819085025361,0.0033809988980964267,0.24910928992962622,0.24743015224963744,0.026094867733928457,0.012361875460972754,4.727142262241983e-15,2.2364912607667428e-15,0.012361875450052054,1.0,3.3038433980292184e-07,3.1430418306379015e-16,8.342346703581046e-16
rates_b078dc36ac371a9a,3.0,10.0,18.0,6.666666666666667,4.0,0.058377358883263265,0.002723344341301218,XI,0.0020339526431336517,XX,0.002723344341301218,0.009141272478009199,0.05765171755029289,0.006080930060018601,0.3325940084360947,0.33023221067294783,0.03614423292951848,0.016095213809809168,5.592984195815137e-15,2.8532821255925364e-15,0.01609521378756944,5.0,-5.168849597933091e-13,1.0795946598822058e-17,1.2398737306237598e-12
rates_b078dc36ac371a9a,4.0,10.0,18.0,6.666666666666667,4.0,0.07271087610480655,0.004293105061074443,XI,0.002476192548270367,XX,0.004293105061074443,0.012543268339035407,0.07142763081388002,0.00946581523252106,0.4145417004901899,0.4113148284778015,0.047744895836458835,0.019630543577311192,5.223878108120148e-15,2.7271393513627187e-15,0.01963054357316951,1.0,3.555489932396131e-07,1.8274556852975307e-17,8.595845897122694e-16
rates_b9547fee09e3ad72,0.01,20.0,18.0,3.3333333333333335,4.0,0.013744307869013397,0.0001640025462694156,XI,0.0007945446341121233,XY,0.0001744867365944728,0.002335300378978289,0.013724189052856215,0.00035377229019394865,0.07890463846448303,0.07774954637519384,0.011946313242618346,0.006183494931799561,4.029748649344229e-15,2.033329717376444e-15,0.006183494919406177,1.0,1.4553738899482812e-07,2.2204836135345997e-16,9.496918926191128e-16
rates_b9547fee09e3ad72,1.0,20.0,18.0,3.3333333333333335,4.0,0.028814353209941274,0.0006161957136889175,IX,0.0013096873326973815,XX,0.0006161957136889175,0.004024639278057673,0.028687923950166668,0.0014446778698794442,0.16438462682712715,0.16299859640204764,0.018648903801385914,0.010294731422572067,5.475713865279413e-15,2.3075648144459312e-15,0.010294731420804181,1.0,1.6736232662410876e-07,2.2204604602500287e-16,8.272193829683273e-16
rates_b9547fee09e3ad72,2.0,20.0,18.0,3.3333333333333335,4.0,0.043748385947550206,0.0014851937681336568,IX,0.0018014122680259507,XX,0.0014851937681336568,0.006352471967002416,0.04339944732924115,0.0033840470469139127,0.24935663744027767,0.24747824295601586,0.027035244196218444,0.014224889109448,5.6731771306942214e-15,2.6439412045064558e-15,0.01422488909886032,1.0,1.679889399257006e-07,2.4845343497348367e-16,6.160283421540285e-16
rates_b9547fee09e3ad72,3.0,20.0,18.0,3.3333333333333335,4.0,0.058386490914590736,0.0027239574445479557,IX,0.0022641987656404038,XX,0.0027239574445479557,0.009240866330878728,0.05766156396911044,0.006084689925954482,0.3328343770683915,0.3302838692431839,0.037013090668371884,0.017925384108311026,5.6311042638090594e-15,3.8402402412712874e-15,0.017925384097368314,5.0,-1.0890402645345114e-12,1.1164676240196664e-16,2.4907846873977898e-12
rates_b9547fee09e3ad72,4.0,20.0,18.0,3.3333333333333335,4.0,0.07272082252045775,0.004293917513667346,IX,0.0027021329830188394,XX,0.004293917513667346,0.012635667548744234,0.07143662192510833,0.009470314319746518,0.4147788064298028,0.41137109390144994,0.048540003977763556,0.021427771220888982,6.632309757126519e-15,2.1789885889675698e-15,0.021427771213677445,1.0,8.470752535494489e-08,2.727503446188303e-16,8.707192525435159e-16
rates_c0f0c540e1976c9c,0.01,40.0,18.0,3.3333333333333335,4.0,0.013759974422688455,0.00016429700455646443,IX,0.001282384613053524,XY,0.0001744741578436304,0.0031113874801198095,0.01376186742301836,0.0003571234693935281,0.0802255714279961,0.07783816978594513,0.01660845798240056,0.010075751027576872,4.346218983075427e-15,2.564493887148524e-15,0.010075751004416432,1.0,1.4884675129179942e-07,1.8522449697069243e-18,7.950247841867086e-16
rates_c0f0c540e1976c9c,1.0,40.0,18.0,3.3333333333333335,4.0,0.028830465595292322,0.0006168035515892666,IX,0.0017881777003529418,XX,0.0006168035515892666,0.004783735781911958,0.02870137875502847,0.0014491878911362776,0.16533831867657595,0.16308974181758465,0.0232202017038711,0.014118001611493049,5.352948866289442e-15,1.5507582323912288e-15,0.014118001610191663,1.0,1.6348624559123368e-07,2.485417275500495e-16,2.9728871293530723e-16
rates_c0f0c540e1976c9c,2.0,40.0,18.0,3.3333333333333335,4.0,0.04376538486205242,0.001486162711787425,XI,0.0022707493152701037,XX,0.001486162711787425,0.007094542542394145,0.043396676873566145,0.0033889347057776617,0.2502100012161532,0.24757440333775652,0.03144510855996209,0.01797678136356518,4.232620455432134e-15,1.6486411522226029e-15,0.017976781355097966,1.0,1.4698295706054275e-07,1.5739310163627086e-16,3.6277424106078866e-16
rates_c0f0c540e1976c9c,3.0,40.0,18.0,3.3333333333333335,4.0,0.058404746914695736,0.002725201863949315,IX,0.002724647282525947,XX,0.002725201863949315,0.00996598555994428,0.05764543675632795,0.006089180779633468,0.33365062473292073,0.3303871407749342,0.041233658902847914,0.021606988885906307,5.2104361944904166e-15,3.5087018305991174e-15,0.021606988877738004,5.0,-4.688692827067025e-13,2.4882934420071835e-16,1.0873828153102423e-12
rates_c0f0c540e1976c9c,4.0,40.0,18.0,3.3333333333333335,4.0,0.07274075113636529,0.004295554687809997,IX,0.0031539412939730407,XX,0.004295554687809997,0.013344144165606942,0.07140905056323359,0.009473987921231154,0.4155833710826292,0.41148382717701903,0.052569580467507655,0.02504071687523409,4.290607456655427e-15,2.1434783545578377e-15,0.02504071687267412,1.0,1.1824978667266772e-07,1.13627463575582e-16,1.5896032292089662e-15
rates_d9ef54501046f3fe,0.01,10.0,0.0,3.3333333333333335,4.0,0.013744564304512489,2.5525657692746087e-06,IX,0.0003287949673959943,YX,0.00017447709233097067,0.0014642622258563165,0.01372357874156113,0.00019149249089284268,0.07810509972664467,0.07775099699342922,0.006996340384179941,0.0024980574584184644,4.690544321977183e-15,3.1508372177497082e-15,0.002498057440542623,1.0,1.1523459729245368e-07,1.1102724779314688e-16,4.425164148925587e-16
rates_d9ef54501046f3fe,1.0,10.0,0.0,3.3333333333333335,4.0,0.028847155516070772,0.0004603918374987152,XI,0.00043281338347917717,XX,0.0004603918374987152,0.002508492253836181,0.028754286888838892,0.0012895284647398578,0.16351394887241932,0.16318415426685715,0.009835954732779883,0.0033162126827796746,6.572055275140728e-15,2.6907858721553727e-15,0.003316212678620166,1.0,1.6361146569023483e-07,1.1120243078675925e-16,5.058674941422096e-16
rates_d9ef54501046f3fe,2.0,10.0,0.0,3.3333333333333335,4.0,0.043832839218828225,0.0013361236168177755,IX,0.0005277384452752996,XX,0.0013361236168177755,0.00422284705515672,0.04357384963031516,0.0032435178668907758,0.24843598689012994,0.2479559828025874,0.01488986978087218,0.004069637868958796,5.2233650632743695e-15,1.979655378936082e-15,0.004069637825321677,1.0,1.8990658300773328e-07,1.5834620579231835e-16,1.4854109329272148e-15
rates_d9ef54501046f3fe,3.0,10.0,0.0,3.3333333333333335,4.0,0.05853798099772474,0.0025838988601185353,XI,0.0006111665284361574,XX,0.0025838988601185353,0.006537017292351077,0.057978230939635056,0.005970300858839039,0.33191029365078567,0.3311408265638543,0.02208586572097245,0.004733978169909412,4.92057069108374e-15,1.740484872525373e-15,0.00473397809007461,5.0,-2.1396301763235083e-12,2.0557142396575952e-17,4.734195681284071e-12
rates_d9ef54501046f3fe,4.0,10.0,0.0,3.3333333333333335,4.0,0.0729512531672041,0.004165515214641414,XI,0.0006864895904230364,XX,0.004165515214641414,0.00939723214899031,0.07192296841599631,0.009395817031810787,0.4138888853738784,0.41267460648477094,0.031228450502822965,0.005335023698498791,5.682046760481666e-15,2.3131480488412533e-15,0.005335023652625205,5.0,-1.3754947893029885e-12,2.266531492198268e-16,2.6036358067495797e-12
rates_fcafd99fe5655b45,0.01,10.0,18.0,3.3333333333333335,0.0,0.013736425090176335,0.00016386087197136343,IX,0.0005256233358781278,XX,0.00016386087197136343,0.0013877958976894257,0.013721221768951011,0.0003527964299798488,0.07812607954226726,0.07770495464422113,0.006921254984243007,0.004209579293384725,5.232820508718543e-15,2.232831331011883e-15,0.004209579289374868,5.0,-1.7317948837575247e-12,3.3306701599236375e-16,3.3689449326744925e-12
rates_fcafd99fe5655b45,1.0,10.0,18.0,3.3333333333333335,0.0,0.02880624732977359,0.0006158833194617533,IX,0.0010454387617763814,XX,0.0006158833194617533,0.0030868457243181883,0.028704123078386056,0.0014438294591849483,0.1637459594341258,0.16295274261936224,0.01375332371805554,0.008365942298189584,5.442708375287354e-15,1.9863961058725094e-15,0.008365942297357622,4.0,-3.384381305428968e-12,1.112633380462251e-16,7.418642258905446e-12
rates_fcafd99fe5655b45,2.0,10.0,18.0,3.3333333333333335,0.0,0.043739839574378506,0.0014847089694635287,IX,0.001541732949905654,XX,0.0014847089694635287,0.005424875603220514,0.043433004723363554,0.0033843304736083752,0.24873616377058147,0.24742989736863644,0.02227009669066705,0.012335633297075136,4.40761156228621e-15,2.4584427609211427e-15,0.012335633283917633,5.0,-8.072631673474306e-13,1.1152976418766496e-16,1.6757278602182144e-12
rates_fcafd99fe5655b45,3.0,10.0,18.0,3.3333333333333335,0.0,0.05837730107599249,0.002723354725409515,XI,0.002008963167896778,XX,0.002723354725409515,0.008323838056500677,0.05771126453313889,0.006087037896876762,0.3322051999158138,0.33023188366564055,0.03238594357376827,0.016073223714781325,5.2919783638197504e-15,2.4735935066144435e-15,0.016073223695233785,6.0,-1.9347028406408672e-12,1.570470746796792e-16,3.1153615485922338e-12
rates_fcafd99fe5655b45,4.0,10.0,18.0,3.3333333333333335,0.0,0.07271081462354943,0.00429310949543499,XI,0.00245121096798753,XX,0.00429310949543499,0.01172935420790333,0.07150141846124032,0.009475394665815477,0.41413085311466546,0.411314480687312,0.04404738316402995,0.019610953949478264,4.492081053174139e-15,1.8624284876129973e-15,0.019610953945679938,5.0,-1.2645050253879019e-12,1.1121086881400086e-16,2.5721959511172116e-12
