noise_source,noise_title,multiplier,varied_strength_s^-1,condition_id,nbar,pauli,pauli_weight,mode_class,h_rad_per_gate,gamma_per_gate,rank_within_class
motional_dephasing,Motional dephasing,0.0,0.0,rates_d9ef54501046f3fe,0.01,YX,2,correlated,6.70477168699187e-09,0.00017447709233097067,1
motional_dephasing,Motional dephasing,0.0,0.0,rates_d9ef54501046f3fe,0.01,XY,2,correlated,-6.138828089620554e-09,0.00017447682144190838,2
motional_dephasing,Motional dephasing,0.0,0.0,rates_d9ef54501046f3fe,0.01,ZX,2,correlated,-1.137173070119173e-09,7.136841568150622e-05,3
motional_dephasing,Motional dephasing,0.0,0.0,rates_d9ef54501046f3fe,0.01,IX,1,local,-3.661989649307116e-09,0.0003287949673959943,1
motional_dephasing,Motional dephasing,0.0,0.0,rates_d9ef54501046f3fe,0.01,XI,1,local,-3.852230207960268e-10,0.0003287767174097862,2
motional_dephasing,Motional dephasing,0.0,0.0,rates_d9ef54501046f3fe,0.01,IZ,1,local,-2.9205223660429574e-11,0.00017445644122189265,3
motional_dephasing,Motional dephasing,0.0,0.0,rates_d9ef54501046f3fe,1.0,XX,2,correlated,0.028847155516070772,0.0004603918374987152,1
motional_dephasing,Motional dephasing,0.0,0.0,rates_d9ef54501046f3fe,1.0,YX,2,correlated,4.106386609163793e-09,0.0001503798681536056,2
motional_dephasing,Motional dephasing,0.0,0.0,rates_d9ef54501046f3fe,1.0,XY,2,correlated,2.7898728865870535e-09,0.00015037922836646356,3
motional_dephasing,Motional dephasing,0.0,0.0,rates_d9ef54501046f3fe,1.0,XI,1,local,-2.7609813155852605e-10,0.00043281338347917717,1
motional_dephasing,Motional dephasing,0.0,0.0,rates_d9ef54501046f3fe,1.0,IX,1,local,3.157191619296842e-09,0.0004328107197999577,2
motional_dephasing,Motional dephasing,0.0,0.0,rates_d9ef54501046f3fe,1.0,IZ,1,local,-2.7494905040521725e-10,0.00015038140237105238,3
motional_dephasing,Motional dephasing,0.0,0.0,rates_d9ef54501046f3fe,2.0,XX,2,correlated,0.043832839218828225,0.0013361236168177755,1
motional_dephasing,Motional dephasing,0.0,0.0,rates_d9ef54501046f3fe,2.0,XY,2,correlated,-3.043225112037004e-09,0.00014385880109570495,2
motional_dephasing,Motional dephasing,0.0,0.0,rates_d9ef54501046f3fe,2.0,YX,2,correlated,-1.770002785593489e-09,0.00014385801859767003,3
motional_dephasing,Motional dephasing,0.0,0.0,rates_d9ef54501046f3fe,2.0,IX,1,local,4.2115384464136164e-08,0.0005277384452752996,1
motional_dephasing,Motional dephasing,0.0,0.0,rates_d9ef54501046f3fe,2.0,XI,1,local,4.363339049276667e-08,0.0005277335224235898,2
motional_dephasing,Motional dephasing,0.0,0.0,rates_d9ef54501046f3fe,2.0,IZ,1,local,6.395109753157316e-10,0.0001438443147058694,3
motional_dephasing,Motional dephasing,0.0,0.0,rates_d9ef54501046f3fe,3.0,XX,2,correlated,0.05853798099772474,0.0025838988601185353,1
motional_dephasing,Motional dephasing,0.0,0.0,rates_d9ef54501046f3fe,3.0,YX,2,correlated,2.7870998402258767e-09,0.0001405624514471519,2
motional_dephasing,Motional dephasing,0.0,0.0,rates_d9ef54501046f3fe,3.0,XY,2,correlated,3.760411019699114e-08,0.00014055706920900704,3
motional_dephasing,Motional dephasing,0.0,0.0,rates_d9ef54501046f3fe,3.0,XI,1,local,1.900153821674369e-08,0.0006111665284361574,1
motional_dephasing,Motional dephasing,0.0,0.0,rates_d9ef54501046f3fe,3.0,IX,1,local,1.633517850758438e-08,0.0006111265170973683,2
motional_dephasing,Motional dephasing,0.0,0.0,rates_d9ef54501046f3fe,3.0,IZ,1,local,3.338355605269098e-09,0.00014060667786666977,3
motional_dephasing,Motional dephasing,0.0,0.0,rates_d9ef54501046f3fe,4.0,XX,2,correlated,0.0729512531672041,0.004165515214641414,1
motional_dephasing,Motional dephasing,0.0,0.0,rates_d9ef54501046f3fe,4.0,YX,2,correlated,-1.0480117129969134e-08,0.0001385257255549922,2
motional_dephasing,Motional dephasing,0.0,0.0,rates_d9ef54501046f3fe,4.0,XY,2,correlated,2.870216570745786e-08,0.00013851627198529202,3
motional_dephasing,Motional dephasing,0.0,0.0,rates_d9ef54501046f3fe,4.0,XI,1,local,6.497174593149964e-09,0.0006864895904230364,1
motional_dephasing,Motional dephasing,0.0,0.0,rates_d9ef54501046f3fe,4.0,IX,1,local,2.1995515864753338e-08,0.0006864748605409783,2
motional_dephasing,Motional dephasing,0.0,0.0,rates_d9ef54501046f3fe,4.0,IZ,1,local,3.694976763404218e-09,0.0001385538031774167,3
motional_dephasing,Motional dephasing,0.5,9.0,rates_5f6c6c21f7229406,0.01,YX,2,correlated,3.4370493319944887e-09,0.0001744850430308503,1
motional_dephasing,Motional dephasing,0.5,9.0,rates_5f6c6c21f7229406,0.01,XY,2,correlated,5.6985778438022133e-11,0.00017448482975793622,2
motional_dephasing,Motional dephasing,0.5,9.0,rates_5f6c6c21f7229406,0.01,XX,2,correlated,0.013740443423537231,8.321168491794837e-05,3
motional_dephasing,Motional dephasing,0.5,9.0,rates_5f6c6c21f7229406,0.01,XI,1,local,-4.830421888754168e-09,0.0004397704169951392,1
motional_dephasing,Motional dephasing,0.5,9.0,rates_5f6c6c21f7229406,0.01,IX,1,local,-1.1308493992561042e-08,0.000439766790180469,2
motional_dephasing,Motional dephasing,0.5,9.0,rates_5f6c6c21f7229406,0.01,ZI,1,local,1.3622728262981371e-10,0.00017448325615967576,3
motional_dephasing,Motional dephasing,0.5,9.0,rates_5f6c6c21f7229406,1.0,XX,2,correlated,0.028826549720998542,0.0005378756824278574,1
motional_dephasing,Motional dephasing,0.5,9.0,rates_5f6c6c21f7229406,1.0,XY,2,correlated,2.1750742442044063e-09,0.0001504010464080955,2
motional_dephasing,Motional dephasing,0.5,9.0,rates_5f6c6c21f7229406,1.0,YX,2,correlated,-1.4440639333538383e-09,0.00015040063757248176,3
motional_dephasing,Motional dephasing,0.5,9.0,rates_5f6c6c21f7229406,1.0,XI,1,local,1.2166356754772334e-08,0.0007521200017020204,1
motional_dephasing,Motional dephasing,0.5,9.0,rates_5f6c6c21f7229406,1.0,IX,1,local,5.182752194220688e-09,0.0007521177685066737,2
motional_dephasing,Motional dephasing,0.5,9.0,rates_5f6c6c21f7229406,1.0,ZI,1,local,-1.7050086520761857e-10,0.000150412931033508,3
motional_dephasing,Motional dephasing,0.5,9.0,rates_5f6c6c21f7229406,2.0,XX,2,correlated,0.04378607400956264,0.0014096330038982422,1
motional_dephasing,Motional dephasing,0.5,9.0,rates_5f6c6c21f7229406,2.0,YX,2,correlated,-4.24098111907864e-09,0.00014388487290685394,2
motional_dephasing,Motional dephasing,0.5,9.0,rates_5f6c6c21f7229406,2.0,XY,2,correlated,-4.457429891665144e-09,0.00014388413279541046,3
motional_dephasing,Motional dephasing,0.5,9.0,rates_5f6c6c21f7229406,2.0,IX,1,local,3.413537573299013e-08,0.0010484740310881548,1
motional_dephasing,Motional dephasing,0.5,9.0,rates_5f6c6c21f7229406,2.0,XI,1,local,3.9278508768745655e-08,0.0010484703730494812,2
motional_dephasing,Motional dephasing,0.5,9.0,rates_5f6c6c21f7229406,2.0,ZI,1,local,1.2788978431709174e-10,0.00014388045189080417,3
motional_dephasing,Motional dephasing,0.5,9.0,rates_5f6c6c21f7229406,3.0,XX,2,correlated,0.05845721479138188,0.00265213362979613,1
motional_dephasing,Motional dephasing,0.5,9.0,rates_5f6c6c21f7229406,3.0,XY,2,correlated,-5.117752471195669e-09,0.00014061869900206932,2
motional_dephasing,Motional dephasing,0.5,9.0,rates_5f6c6c21f7229406,3.0,YX,2,correlated,-4.374262475834162e-09,0.0001406180518767772,3
motional_dephasing,Motional dephasing,0.5,9.0,rates_5f6c6c21f7229406,3.0,IX,1,local,6.379573810912339e-09,0.0013247896726901606,1
motional_dephasing,Motional dephasing,0.5,9.0,rates_5f6c6c21f7229406,3.0,XI,1,local,6.479135085502236e-09,0.0013247835348382862,2
motional_dephasing,Motional dephasing,0.5,9.0,rates_5f6c6c21f7229406,3.0,ZI,1,local,1.8506944888995047e-10,0.0001406294945685048,3
motional_dephasing,Motional dephasing,0.5,9.0,rates_5f6c6c21f7229406,4.0,XX,2,correlated,0.0728304964221806,0.004226963679209137,1
motional_dephasing,Motional dephasing,0.5,9.0,rates_5f6c6c21f7229406,4.0,YX,2,correlated,9.987497238053683e-09,0.00013856577840811184,2
motional_dephasing,Motional dephasing,0.5,9.0,rates_5f6c6c21f7229406,4.0,XY,2,correlated,3.927555856657508e-09,0.00013856389799737516,3
motional_dephasing,Motional dephasing,0.5,9.0,rates_5f6c6c21f7229406,4.0,XI,1,local,1.0315346838112082e-08,0.0015847310601769863,1
motional_dephasing,Motional dephasing,0.5,9.0,rates_5f6c6c21f7229406,4.0,IX,1,local,-1.941579529217241e-09,0.0015847204518836973,2
motional_dephasing,Motional dephasing,0.5,9.0,rates_5f6c6c21f7229406,4.0,ZI,1,local,2.9576525375288973e-10,0.0001385849165323641,3
motional_dephasing,Motional dephasing,1.0,18.0,rates_5052894f24b711d8,0.01,XY,2,correlated,4.308445887860059e-09,0.00017450344307439313,1
motional_dephasing,Motional dephasing,1.0,18.0,rates_5052894f24b711d8,0.01,YX,2,correlated,-5.368854903815391e-10,0.00017450278706094115,2
motional_dephasing,Motional dephasing,1.0,18.0,rates_5052894f24b711d8,0.01,XX,2,correlated,0.013736447028339389,0.00016386527935669193,3
motional_dephasing,Motional dephasing,1.0,18.0,rates_5052894f24b711d8,0.01,XI,1,local,1.3828757756247916e-09,0.000550611275765521,1
motional_dephasing,Motional dephasing,1.0,18.0,rates_5052894f24b711d8,0.01,IX,1,local,-6.004397287920888e-09,0.0005506084786575883,2
motional_dephasing,Motional dephasing,1.0,18.0,rates_5052894f24b711d8,0.01,ZI,1,local,4.740428733971178e-11,0.00017450025379900903,3
motional_dephasing,Motional dephasing,1.0,18.0,rates_5052894f24b711d8,1.0,XX,2,correlated,0.02880627467169461,0.0006158910031808071,1
motional_dephasing,Motional dephasing,1.0,18.0,rates_5052894f24b711d8,1.0,XY,2,correlated,2.626645914980696e-09,0.00015042936564450842,2
motional_dephasing,Motional dephasing,1.0,18.0,rates_5052894f24b711d8,1.0,YX,2,correlated,-4.741451268929992e-09,0.00015042890295126267,3
motional_dephasing,Motional dephasing,1.0,18.0,rates_5052894f24b711d8,1.0,XI,1,local,6.068784605535182e-09,0.0010704333394205763,1
motional_dephasing,Motional dephasing,1.0,18.0,rates_5052894f24b711d8,1.0,IX,1,local,1.0846679517510993e-08,0.0010704254569091842,2
motional_dephasing,Motional dephasing,1.0,18.0,rates_5052894f24b711d8,1.0,ZI,1,local,-7.567167684142628e-10,0.00015043629350323357,3
motional_dephasing,Motional dephasing,1.0,18.0,rates_5052894f24b711d8,2.0,XX,2,correlated,0.043739865582729485,0.0014847122636456828,1
motional_dephasing,Motional dephasing,1.0,18.0,rates_5052894f24b711d8,2.0,YX,2,correlated,3.5756605304612067e-09,0.00014391241639640873,2
motional_dephasing,Motional dephasing,1.0,18.0,rates_5052894f24b711d8,2.0,XY,2,correlated,-3.063666841863846e-09,0.0001439121240354926,3
motional_dephasing,Motional dephasing,1.0,18.0,rates_5052894f24b711d8,2.0,IX,1,local,2.8861033918535912e-08,0.001566725304167278,1
motional_dephasing,Motional dephasing,1.0,18.0,rates_5052894f24b711d8,2.0,XI,1,local,3.133300121929388e-08,0.0015667197327385255,2
motional_dephasing,Motional dephasing,1.0,18.0,rates_5052894f24b711d8,2.0,IZ,1,local,2.5194294209897316e-10,0.000143913533121567,3
motional_dephasing,Motional dephasing,1.0,18.0,rates_5052894f24b711d8,3.0,XX,2,correlated,0.0583773119797686,0.002723344384544099,1
motional_dephasing,Motional dephasing,1.0,18.0,rates_5052894f24b711d8,3.0,XY,2,correlated,4.351726596501843e-09,0.00014065589568892136,2
motional_dephasing,Motional dephasing,1.0,18.0,rates_5052894f24b711d8,3.0,YX,2,correlated,-5.967907246736348e-09,0.0001406527950492376,3
motional_dephasing,Motional dephasing,1.0,18.0,rates_5052894f24b711d8,3.0,XI,1,local,3.170835876898074e-08,0.0020339702591774225,1
motional_dephasing,Motional dephasing,1.0,18.0,rates_5052894f24b711d8,3.0,IX,1,local,1.3495218900022492e-08,0.002033946288596012,2
motional_dephasing,Motional dephasing,1.0,18.0,rates_5052894f24b711d8,3.0,ZI,1,local,-2.0853888236074515e-10,0.00014066386813740248,3
motional_dephasing,Motional dephasing,1.0,18.0,rates_5052894f24b711d8,4.0,XX,2,correlated,0.07271085859203336,0.00429310288793495,1
motional_dephasing,Motional dephasing,1.0,18.0,rates_5052894f24b711d8,4.0,XY,2,correlated,6.322278501178176e-09,0.00013859706268990824,2
motional_dephasing,Motional dephasing,1.0,18.0,rates_5052894f24b711d8,4.0,YX,2,correlated,-1.2996862622636972e-08,0.00013859638283894972,3
motional_dephasing,Motional dephasing,1.0,18.0,rates_5052894f24b711d8,4.0,XI,1,local,6.752210987084111e-09,0.0024762036153670305,1
motional_dephasing,Motional dephasing,1.0,18.0,rates_5052894f24b711d8,4.0,IX,1,local,6.768329192221085e-09,0.0024761999143451266,2
motional_dephasing,Motional dephasing,1.0,18.0,rates_5052894f24b711d8,4.0,ZI,1,local,1.1295248279434453e-10,0.00013863414370672122,3
motional_dephasing,Motional dephasing,2.0,36.0,rates_270dbb0a181563d6,0.01,XX,2,correlated,0.013728930787562352,0.0003251041686135154,1
motional_dephasing,Motional dephasing,2.0,36.0,rates_270dbb0a181563d6,0.01,XY,2,correlated,7.289866599694581e-10,0.00017451917861285304,2
motional_dephasing,Motional dephasing,2.0,36.0,rates_270dbb0a181563d6,0.01,YX,2,correlated,6.639436391863855e-09,0.0001745185669681169,3
motional_dephasing,Motional dephasing,2.0,36.0,rates_270dbb0a181563d6,0.01,IX,1,local,-1.16409142581679e-08,0.000771875104291474,1
motional_dephasing,Motional dephasing,2.0,36.0,rates_270dbb0a181563d6,0.01,XI,1,local,-3.262367053799783e-09,0.0007718657773568759,2
motional_dephasing,Motional dephasing,2.0,36.0,rates_270dbb0a181563d6,0.01,ZI,1,local,5.091381815284701e-11,0.00017455296396991495,3
motional_dephasing,Motional dephasing,2.0,36.0,rates_270dbb0a181563d6,1.0,XX,2,correlated,0.02876671527906471,0.0007734587175133947,1
motional_dephasing,Motional dephasing,2.0,36.0,rates_270dbb0a181563d6,1.0,XY,2,correlated,-7.74418502623747e-09,0.00015047704974126882,2
motional_dephasing,Motional dephasing,2.0,36.0,rates_270dbb0a181563d6,1.0,YX,2,correlated,8.175028830783698e-10,0.00015047661795306684,3
motional_dephasing,Motional dephasing,2.0,36.0,rates_270dbb0a181563d6,1.0,IX,1,local,1.0498048943068019e-08,0.001704086246062722,1
motional_dephasing,Motional dephasing,2.0,36.0,rates_270dbb0a181563d6,1.0,XI,1,local,9.7390714682315e-09,0.0017040778057649168,2
motional_dephasing,Motional dephasing,2.0,36.0,rates_270dbb0a181563d6,1.0,IZ,1,local,-4.317395267568239e-10,0.00015049356908856165,3
motional_dephasing,Motional dephasing,2.0,36.0,rates_270dbb0a181563d6,2.0,XX,2,correlated,0.04364907424190668,0.0016394734333437457,1
motional_dephasing,Motional dephasing,2.0,36.0,rates_270dbb0a181563d6,2.0,YX,2,correlated,1.1863140094716754e-10,0.0001439593628604146,2
motional_dephasing,Motional dephasing,2.0,36.0,rates_270dbb0a181563d6,2.0,XY,2,correlated,2.904693250161883e-09,0.00014395645358122975,3
motional_dephasing,Motional dephasing,2.0,36.0,rates_270dbb0a181563d6,2.0,XI,1,local,3.416562248353712e-08,0.002595845614235612,1
motional_dephasing,Motional dephasing,2.0,36.0,rates_270dbb0a181563d6,2.0,IX,1,local,4.307624167949586e-08,0.0025958433881297185,2
motional_dephasing,Motional dephasing,2.0,36.0,rates_270dbb0a181563d6,2.0,IZ,1,local,3.1578093576223623e-10,0.00014399193193773954,3
motional_dephasing,Motional dephasing,2.0,36.0,rates_270dbb0a181563d6,3.0,XX,2,correlated,0.0582199515732293,0.002874552917684441,1
motional_dephasing,Motional dephasing,2.0,36.0,rates_270dbb0a181563d6,3.0,YX,2,correlated,1.0934391283003898e-08,0.0001407086461014547,2
motional_dephasing,Motional dephasing,2.0,36.0,rates_270dbb0a181563d6,3.0,XY,2,correlated,-1.647503041767545e-08,0.0001407071834151257,3
motional_dephasing,Motional dephasing,2.0,36.0,rates_270dbb0a181563d6,3.0,IX,1,local,4.5976104825954964e-10,0.0034391639690472702,1
motional_dephasing,Motional dephasing,2.0,36.0,rates_270dbb0a181563d6,3.0,XI,1,local,1.3434456133082273e-08,0.0034391266433568086,2
motional_dephasing,Motional dephasing,2.0,36.0,rates_270dbb0a181563d6,3.0,ZI,1,local,3.943127319917726e-10,0.00014074657159002905,3
motional_dephasing,Motional dephasing,2.0,36.0,rates_270dbb0a181563d6,4.0,XX,2,correlated,0.07247481759961232,0.00443916345145169,1
motional_dephasing,Motional dephasing,2.0,36.0,rates_270dbb0a181563d6,4.0,XY,2,correlated,2.264080303177998e-08,0.00013867455982508406,2
motional_dephasing,Motional dephasing,2.0,36.0,rates_270dbb0a181563d6,4.0,YX,2,correlated,-3.5915060838042133e-10,0.000138662367976888,3
motional_dephasing,Motional dephasing,2.0,36.0,rates_270dbb0a181563d6,4.0,XI,1,local,6.024509455795863e-09,0.004239219037293496,1
motional_dephasing,Motional dephasing,2.0,36.0,rates_270dbb0a181563d6,4.0,IX,1,local,-1.5652900911909804e-08,0.004239210680323522,2
motional_dephasing,Motional dephasing,2.0,36.0,rates_270dbb0a181563d6,4.0,ZI,1,local,-1.4018669148684738e-10,0.00013871352733793233,3
motional_dephasing,Motional dephasing,4.0,72.0,rates_4f154ffd26e66cb6,0.01,XX,2,correlated,0.013715636318720649,0.0006473921921969295,1
motional_dephasing,Motional dephasing,4.0,72.0,rates_4f154ffd26e66cb6,0.01,XY,2,correlated,-9.077241726290047e-09,0.00017455744827222144,2
motional_dephasing,Motional dephasing,4.0,72.0,rates_4f154ffd26e66cb6,0.01,YX,2,correlated,7.366329988852302e-09,0.0001745566001968039,3
motional_dephasing,Motional dephasing,4.0,72.0,rates_4f154ffd26e66cb6,0.01,IX,1,local,-1.2601925563868167e-08,0.0012127197701426282,1
motional_dephasing,Motional dephasing,4.0,72.0,rates_4f154ffd26e66cb6,0.01,XI,1,local,-4.229783584598129e-09,0.0012127021990533142,2
motional_dephasing,Motional dephasing,4.0,72.0,rates_4f154ffd26e66cb6,0.01,ZI,1,local,1.9585064816947161e-10,0.00017465102958621255,3
motional_dephasing,Motional dephasing,4.0,72.0,rates_4f154ffd26e66cb6,1.0,XX,2,correlated,0.02869160226472485,0.001094641014655629,1
motional_dephasing,Motional dephasing,4.0,72.0,rates_4f154ffd26e66cb6,1.0,YX,2,correlated,2.8789645249263813e-09,0.0001505587759981482,2
motional_dephasing,Motional dephasing,4.0,72.0,rates_4f154ffd26e66cb6,1.0,XY,2,correlated,-2.461303203935592e-09,0.0001505583010989912,3
motional_dephasing,Motional dephasing,4.0,72.0,rates_4f154ffd26e66cb6,1.0,IX,1,local,1.233506203212521e-08,0.0029596733507947733,1
motional_dephasing,Motional dephasing,4.0,72.0,rates_4f154ffd26e66cb6,1.0,XI,1,local,1.0883111502611516e-08,0.002959664970814523,2
motional_dephasing,Motional dephasing,4.0,72.0,rates_4f154ffd26e66cb6,1.0,IZ,1,local,-2.1443990128583117e-10,0.00015061973540778767,3
motional_dephasing,Motional dephasing,4.0,72.0,rates_4f154ffd26e66cb6,2.0,XX,2,correlated,0.04347401654591971,0.0019669606884436495,1
motional_dephasing,Motional dephasing,4.0,72.0,rates_4f154ffd26e66cb6,2.0,YX,2,correlated,-2.13915428577992e-08,0.0001440771532886377,2
motional_dephasing,Motional dephasing,4.0,72.0,rates_4f154ffd26e66cb6,2.0,XY,2,correlated,6.250686910203133e-09,0.0001440765248321901,3
motional_dephasing,Motional dephasing,4.0,72.0,rates_4f154ffd26e66cb6,2.0,XI,1,local,2.1421031246357078e-08,0.004625188301498129,1
motional_dephasing,Motional dephasing,4.0,72.0,rates_4f154ffd26e66cb6,2.0,IX,1,local,2.2357726049280208e-08,0.00462516389312736,2
motional_dephasing,Motional dephasing,4.0,72.0,rates_4f154ffd26e66cb6,2.0,IZ,1,local,7.499082172860685e-11,0.00014411351137884521,3
motional_dephasing,Motional dephasing,4.0,72.0,rates_4f154ffd26e66cb6,3.0,XX,2,correlated,0.05791454150385376,0.00321090935006844,1
motional_dephasing,Motional dephasing,4.0,72.0,rates_4f154ffd26e66cb6,3.0,XY,2,correlated,-6.201848605281954e-09,0.00014082915390236083,2
motional_dephasing,Motional dephasing,4.0,72.0,rates_4f154ffd26e66cb6,3.0,YX,2,correlated,5.927141656774266e-09,0.00014082819975832182,3
motional_dephasing,Motional dephasing,4.0,72.0,rates_4f154ffd26e66cb6,3.0,IX,1,local,1.2780056770916216e-08,0.006198214221250041,1
motional_dephasing,Motional dephasing,4.0,72.0,rates_4f154ffd26e66cb6,3.0,XI,1,local,3.366014837212042e-09,0.006198197786564115,2
motional_dephasing,Motional dephasing,4.0,72.0,rates_4f154ffd26e66cb6,3.0,ZI,1,local,7.834371082688187e-10,0.0001408935100963413,3
motional_dephasing,Motional dephasing,4.0,72.0,rates_4f154ffd26e66cb6,4.0,XX,2,correlated,0.07201545095174665,0.004784063098658391,1
motional_dephasing,Motional dephasing,4.0,72.0,rates_4f154ffd26e66cb6,4.0,YX,2,correlated,-4.8774528095697245e-09,0.00013877342104603573,2
motional_dephasing,Motional dephasing,4.0,72.0,rates_4f154ffd26e66cb6,4.0,XY,2,correlated,9.24661347772686e-09,0.00013877331154932087,3
motional_dephasing,Motional dephasing,4.0,72.0,rates_4f154ffd26e66cb6,4.0,XI,1,local,-8.372175698706796e-09,0.007687906749946406,1
motional_dephasing,Motional dephasing,4.0,72.0,rates_4f154ffd26e66cb6,4.0,IX,1,local,-7.417523205614778e-09,0.007687893778199901,2
motional_dephasing,Motional dephasing,4.0,72.0,rates_4f154ffd26e66cb6,4.0,IZ,1,local,6.179057703421859e-10,0.0001388965146797094,3
motional_heating,Motional heating,0.0,0.0,rates_955f664628d0ac20,0.01,XY,2,correlated,1.14743278619854e-09,0.00017450551696648623,1
motional_heating,Motional heating,0.0,0.0,rates_955f664628d0ac20,0.01,YX,2,correlated,3.6523045127821106e-10,0.00017450536773123016,2
motional_heating,Motional heating,0.0,0.0,rates_955f664628d0ac20,0.01,XX,2,correlated,0.013728606312715861,0.00016371404428650342,3
motional_heating,Motional heating,0.0,0.0,rates_955f664628d0ac20,0.01,IX,1,local,-1.214453199672927e-08,0.0003066700184668055,1
motional_heating,Motional heating,0.0,0.0,rates_955f664628d0ac20,0.01,XI,1,local,-9.455217909977862e-09,0.0003066700005137906,2
motional_heating,Motional heating,0.0,0.0,rates_955f664628d0ac20,0.01,ZI,1,local,-1.553838272744833e-11,0.0001745263097648218,3
motional_heating,Motional heating,0.0,0.0,rates_955f664628d0ac20,1.0,XX,2,correlated,0.028798192090395858,0.0006155818207841208,1
motional_heating,Motional heating,0.0,0.0,rates_955f664628d0ac20,1.0,YX,2,correlated,-4.750101270487296e-09,0.00015042623847624466,2
motional_heating,Motional heating,0.0,0.0,rates_955f664628d0ac20,1.0,XY,2,correlated,1.2065408621600384e-09,0.00015042611848004197,3
motional_heating,Motional heating,0.0,0.0,rates_955f664628d0ac20,1.0,XI,1,local,2.1476002881323124e-09,0.0008311668222145998,1
motional_heating,Motional heating,0.0,0.0,rates_955f664628d0ac20,1.0,IX,1,local,6.956138918698152e-09,0.0008311636019459083,2
motional_heating,Motional heating,0.0,0.0,rates_955f664628d0ac20,1.0,IZ,1,local,9.275950805845578e-11,0.00015044686042678818,3
motional_heating,Motional heating,0.0,0.0,rates_955f664628d0ac20,2.0,XX,2,correlated,0.043731339550156366,0.0014842166417713292,1
motional_heating,Motional heating,0.0,0.0,rates_955f664628d0ac20,2.0,YX,2,correlated,-4.455946220574971e-09,0.00014390490715677974,2
motional_heating,Motional heating,0.0,0.0,rates_955f664628d0ac20,2.0,XY,2,correlated,1.4981048397694506e-09,0.0001439042278202918,3
motional_heating,Motional heating,0.0,0.0,rates_955f664628d0ac20,2.0,XI,1,local,2.9468837147415736e-08,0.001332033045831638,1
motional_heating,Motional heating,0.0,0.0,rates_955f664628d0ac20,2.0,IX,1,local,3.473301468888392e-08,0.0013320273518615821,2
motional_heating,Motional heating,0.0,0.0,rates_955f664628d0ac20,2.0,IZ,1,local,-7.082759223252629e-10,0.00014392481351678657,3
motional_heating,Motional heating,0.0,0.0,rates_955f664628d0ac20,3.0,XX,2,correlated,0.05836817268337864,0.002722716917359472,1
motional_heating,Motional heating,0.0,0.0,rates_955f664628d0ac20,3.0,YX,2,correlated,9.19636547500322e-09,0.00014063975243120493,2
motional_heating,Motional heating,0.0,0.0,rates_955f664628d0ac20,3.0,XY,2,correlated,-6.9455979590537745e-09,0.00014063873484215496,3
motional_heating,Motional heating,0.0,0.0,rates_955f664628d0ac20,3.0,IX,1,local,1.3760010818160461e-08,0.0018037209954512633,1
motional_heating,Motional heating,0.0,0.0,rates_955f664628d0ac20,3.0,XI,1,local,6.582548182052563e-09,0.0018037009032762527,2
motional_heating,Motional heating,0.0,0.0,rates_955f664628d0ac20,3.0,IZ,1,local,-6.82767483081794e-10,0.0001406772930998867,3
motional_heating,Motional heating,0.0,0.0,rates_955f664628d0ac20,4.0,XX,2,correlated,0.07270086656218096,0.004292300370436474,1
motional_heating,Motional heating,0.0,0.0,rates_955f664628d0ac20,4.0,YX,2,correlated,-1.8130223287531812e-09,0.00013861066777233976,2
motional_heating,Motional heating,0.0,0.0,rates_955f664628d0ac20,4.0,XY,2,correlated,2.0268258881234624e-09,0.0001386026011771282,3
motional_heating,Motional heating,0.0,0.0,rates_955f664628d0ac20,4.0,IX,1,local,1.553305701726465e-08,0.002250269778307254,1
motional_heating,Motional heating,0.0,0.0,rates_955f664628d0ac20,4.0,XI,1,local,1.6301773514931363e-08,0.0022502658040114655,2
motional_heating,Motional heating,0.0,0.0,rates_955f664628d0ac20,4.0,ZI,1,local,-8.400896212117463e-11,0.0001386314283285599,3
motional_heating,Motional heating,0.5,5.0,rates_85cf44b10a0a8ca1,0.01,XY,2,correlated,1.6208026541193055e-09,0.0001745059291376235,1
motional_heating,Motional heating,0.5,5.0,rates_85cf44b10a0a8ca1,0.01,YX,2,correlated,8.641248683818302e-10,0.00017450555305278655,2
motional_heating,Motional heating,0.5,5.0,rates_85cf44b10a0a8ca1,0.01,XX,2,correlated,0.013732521610271263,0.00016379082361508876,3
motional_heating,Motional heating,0.5,5.0,rates_85cf44b10a0a8ca1,0.01,XI,1,local,-3.974692758026307e-09,0.00042864376935099885,1
motional_heating,Motional heating,0.5,5.0,rates_85cf44b10a0a8ca1,0.01,IX,1,local,-1.0232842770571747e-08,0.00042863857062960434,2
motional_heating,Motional heating,0.5,5.0,rates_85cf44b10a0a8ca1,0.01,ZI,1,local,1.2930456551552724e-10,0.0001745125169204619,3
motional_heating,Motional heating,0.5,5.0,rates_85cf44b10a0a8ca1,1.0,XX,2,correlated,0.028802247089589197,0.0006157369940520758,1
motional_heating,Motional heating,0.5,5.0,rates_85cf44b10a0a8ca1,1.0,XY,2,correlated,-2.110930479132404e-09,0.00015042889107833062,2
motional_heating,Motional heating,0.5,5.0,rates_85cf44b10a0a8ca1,1.0,YX,2,correlated,2.3662006309566444e-09,0.00015042822142679734,3
motional_heating,Motional heating,0.5,5.0,rates_85cf44b10a0a8ca1,1.0,XI,1,local,1.006267273525835e-08,0.0009508010245114587,1
motional_heating,Motional heating,0.5,5.0,rates_85cf44b10a0a8ca1,1.0,IX,1,local,5.8441809612265464e-09,0.0009507964776276592,2
motional_heating,Motional heating,0.5,5.0,rates_85cf44b10a0a8ca1,1.0,ZI,1,local,-1.0008986921717256e-10,0.00015044092719345708,3
motional_heating,Motional heating,0.5,5.0,rates_85cf44b10a0a8ca1,2.0,XX,2,correlated,0.04373559480519993,0.0014844642344641068,1
motional_heating,Motional heating,0.5,5.0,rates_85cf44b10a0a8ca1,2.0,XY,2,correlated,-1.1603887464293657e-09,0.00014390945017337916,2
motional_heating,Motional heating,0.5,5.0,rates_85cf44b10a0a8ca1,2.0,YX,2,correlated,9.010018021475796e-09,0.00014390533098289663,3
motional_heating,Motional heating,0.5,5.0,rates_85cf44b10a0a8ca1,2.0,IX,1,local,2.456971323441396e-08,0.0014493808862986017,1
motional_heating,Motional heating,0.5,5.0,rates_85cf44b10a0a8ca1,2.0,XI,1,local,3.696695437478011e-08,0.001449371448168614,2
motional_heating,Motional heating,0.5,5.0,rates_85cf44b10a0a8ca1,2.0,ZI,1,local,9.396355074796774e-10,0.0001439206030517746,3
motional_heating,Motional heating,0.5,5.0,rates_85cf44b10a0a8ca1,3.0,XX,2,correlated,0.05837277512028374,0.002723021006639527,1
motional_heating,Motional heating,0.5,5.0,rates_85cf44b10a0a8ca1,3.0,XY,2,correlated,2.464312664085229e-08,0.00014063732924244834,2
motional_heating,Motional heating,0.5,5.0,rates_85cf44b10a0a8ca1,3.0,YX,2,correlated,-2.5582582412677027e-08,0.00014063295269911916,3
motional_heating,Motional heating,0.5,5.0,rates_85cf44b10a0a8ca1,3.0,XI,1,local,-5.186486103965369e-09,0.0019188553080589157,1
motional_heating,Motional heating,0.5,5.0,rates_85cf44b10a0a8ca1,3.0,IX,1,local,-1.4518293796326146e-09,0.0019188136722930822,2
motional_heating,Motional heating,0.5,5.0,rates_85cf44b10a0a8ca1,3.0,ZI,1,local,-8.239743990737098e-10,0.00014067272903356312,3
motional_heating,Motional heating,0.5,5.0,rates_85cf44b10a0a8ca1,4.0,XX,2,correlated,0.07270585277100235,0.004292704857485139,1
motional_heating,Motional heating,0.5,5.0,rates_85cf44b10a0a8ca1,4.0,XY,2,correlated,4.742045144534558e-10,0.0001386022917176277,2
motional_heating,Motional heating,0.5,5.0,rates_85cf44b10a0a8ca1,4.0,YX,2,correlated,-6.858232087532712e-09,0.0001386016707207278,3
motional_heating,Motional heating,0.5,5.0,rates_85cf44b10a0a8ca1,4.0,XI,1,local,1.0956164956992941e-08,0.0023632402291514547,1
motional_heating,Motional heating,0.5,5.0,rates_85cf44b10a0a8ca1,4.0,IX,1,local,1.4217873118957508e-08,0.002363226955468151,2
motional_heating,Motional heating,0.5,5.0,rates_85cf44b10a0a8ca1,4.0,ZI,1,local,-9.991678306309444e-10,0.0001386285910539807,3
motional_heating,Motional heating,1.0,10.0,rates_5052894f24b711d8,0.01,XY,2,correlated,4.308445887860059e-09,0.00017450344307439313,1
motional_heating,Motional heating,1.0,10.0,rates_5052894f24b711d8,0.01,YX,2,correlated,-5.368854903815391e-10,0.00017450278706094115,2
motional_heating,Motional heating,1.0,10.0,rates_5052894f24b711d8,0.01,XX,2,correlated,0.013736447028339389,0.00016386527935669193,3
motional_heating,Motional heating,1.0,10.0,rates_5052894f24b711d8,0.01,XI,1,local,1.3828757756247916e-09,0.000550611275765521,1
motional_heating,Motional heating,1.0,10.0,rates_5052894f24b711d8,0.01,IX,1,local,-6.004397287920888e-09,0.0005506084786575883,2
motional_heating,Motional heating,1.0,10.0,rates_5052894f24b711d8,0.01,ZI,1,local,4.740428733971178e-11,0.00017450025379900903,3
motional_heating,Motional heating,1.0,10.0,rates_5052894f24b711d8,1.0,XX,2,correlated,0.02880627467169461,0.0006158910031808071,1
motional_heating,Motional heating,1.0,10.0,rates_5052894f24b711d8,1.0,XY,2,correlated,2.626645914980696e-09,0.00015042936564450842,2
motional_heating,Motional heating,1.0,10.0,rates_5052894f24b711d8,1.0,YX,2,correlated,-4.741451268929992e-09,0.00015042890295126267,3
motional_heating,Motional heating,1.0,10.0,rates_5052894f24b711d8,1.0,XI,1,local,6.068784605535182e-09,0.0010704333394205763,1
motional_heating,Motional heating,1.0,10.0,rates_5052894f24b711d8,1.0,IX,1,local,1.0846679517510993e-08,0.0010704254569091842,2
motional_heating,Motional heating,1.0,10.0,rates_5052894f24b711d8,1.0,ZI,1,local,-7.567167684142628e-10,0.00015043629350323357,3
motional_heating,Motional heating,1.0,10.0,rates_5052894f24b711d8,2.0,XX,2,correlated,0.043739865582729485,0.0014847122636456828,1
motional_heating,Motional heating,1.0,10.0,rates_5052894f24b711d8,2.0,YX,2,correlated,3.5756605304612067e-09,0.00014391241639640873,2
motional_heating,Motional heating,1.0,10.0,rates_5052894f24b711d8,2.0,XY,2,correlated,-3.063666841863846e-09,0.0001439121240354926,3
motional_heating,Motional heating,1.0,10.0,rates_5052894f24b711d8,2.0,IX,1,local,2.8861033918535912e-08,0.001566725304167278,1
motional_heating,Motional heating,1.0,10.0,rates_5052894f24b711d8,2.0,XI,1,local,3.133300121929388e-08,0.0015667197327385255,2
motional_heating,Motional heating,1.0,10.0,rates_5052894f24b711d8,2.0,IZ,1,local,2.5194294209897316e-10,0.000143913533121567,3
motional_heating,Motional heating,1.0,10.0,rates_5052894f24b711d8,3.0,XX,2,correlated,0.0583773119797686,0.002723344384544099,1
motional_heating,Motional heating,1.0,10.0,rates_5052894f24b711d8,3.0,XY,2,correlated,4.351726596501843e-09,0.00014065589568892136,2
motional_heating,Motional heating,1.0,10.0,rates_5052894f24b711d8,3.0,YX,2,correlated,-5.967907246736348e-09,0.0001406527950492376,3
motional_heating,Motional heating,1.0,10.0,rates_5052894f24b711d8,3.0,XI,1,local,3.170835876898074e-08,0.0020339702591774225,1
motional_heating,Motional heating,1.0,10.0,rates_5052894f24b711d8,3.0,IX,1,local,1.3495218900022492e-08,0.002033946288596012,2
motional_heating,Motional heating,1.0,10.0,rates_5052894f24b711d8,3.0,ZI,1,local,-2.0853888236074515e-10,0.00014066386813740248,3
motional_heating,Motional heating,1.0,10.0,rates_5052894f24b711d8,4.0,XX,2,correlated,0.07271085859203336,0.00429310288793495,1
motional_heating,Motional heating,1.0,10.0,rates_5052894f24b711d8,4.0,XY,2,correlated,6.322278501178176e-09,0.00013859706268990824,2
motional_heating,Motional heating,1.0,10.0,rates_5052894f24b711d8,4.0,YX,2,correlated,-1.2996862622636972e-08,0.00013859638283894972,3
motional_heating,Motional heating,1.0,10.0,rates_5052894f24b711d8,4.0,XI,1,local,6.752210987084111e-09,0.0024762036153670305,1
motional_heating,Motional heating,1.0,10.0,rates_5052894f24b711d8,4.0,IX,1,local,6.768329192221085e-09,0.0024761999143451266,2
motional_heating,Motional heating,1.0,10.0,rates_5052894f24b711d8,4.0,ZI,1,local,1.1295248279434453e-10,0.00013863414370672122,3
motional_heating,Motional heating,2.0,20.0,rates_b9547fee09e3ad72,0.01,XY,2,correlated,1.2740815427770118e-09,0.0001744867365944728,1
motional_heating,Motional heating,2.0,20.0,rates_b9547fee09e3ad72,0.01,YX,2,correlated,-4.543952348883856e-09,0.00017448667671979013,2
motional_heating,Motional heating,2.0,20.0,rates_b9547fee09e3ad72,0.01,XX,2,correlated,0.013744307869013397,0.0001640025462694156,3
motional_heating,Motional heating,2.0,20.0,rates_b9547fee09e3ad72,0.01,XI,1,local,-8.500492563090792e-09,0.0007945446341121233,1
motional_heating,Motional heating,2.0,20.0,rates_b9547fee09e3ad72,0.01,IX,1,local,-7.525448587068069e-09,0.00079453910096628,2
motional_heating,Motional heating,2.0,20.0,rates_b9547fee09e3ad72,0.01,ZI,1,local,-9.673435436928466e-11,0.0001744867290574591,3
motional_heating,Motional heating,2.0,20.0,rates_b9547fee09e3ad72,1.0,XX,2,correlated,0.028814353209941274,0.0006161957136889175,1
motional_heating,Motional heating,2.0,20.0,rates_b9547fee09e3ad72,1.0,YX,2,correlated,-1.8775367780082072e-09,0.00015043012027955716,2
motional_heating,Motional heating,2.0,20.0,rates_b9547fee09e3ad72,1.0,XY,2,correlated,-4.896956964571329e-09,0.00015042951900639878,3
motional_heating,Motional heating,2.0,20.0,rates_b9547fee09e3ad72,1.0,IX,1,local,6.933623640648971e-09,0.0013096873326973815,1
motional_heating,Motional heating,2.0,20.0,rates_b9547fee09e3ad72,1.0,XI,1,local,6.359803122798558e-09,0.0013096867835636903,2
motional_heating,Motional heating,2.0,20.0,rates_b9547fee09e3ad72,1.0,IZ,1,local,-2.1171469434775525e-10,0.0001504293491974818,3
motional_heating,Motional heating,2.0,20.0,rates_b9547fee09e3ad72,2.0,XX,2,correlated,0.043748385947550206,0.0014851937681336568,1
motional_heating,Motional heating,2.0,20.0,rates_b9547fee09e3ad72,2.0,XY,2,correlated,-5.837636497648449e-09,0.00014391070747409227,2
motional_heating,Motional heating,2.0,20.0,rates_b9547fee09e3ad72,2.0,YX,2,correlated,4.230172935558671e-09,0.00014390900634153722,3
motional_heating,Motional heating,2.0,20.0,rates_b9547fee09e3ad72,2.0,IX,1,local,3.3551962635261286e-08,0.0018014122680259507,1
motional_heating,Motional heating,2.0,20.0,rates_b9547fee09e3ad72,2.0,XI,1,local,4.025323705073565e-08,0.0018014006870735123,2
motional_heating,Motional heating,2.0,20.0,rates_b9547fee09e3ad72,2.0,ZI,1,local,-2.1219698840242434e-10,0.00014391358705864236,3
motional_heating,Motional heating,2.0,20.0,rates_b9547fee09e3ad72,3.0,XX,2,correlated,0.058386490914590736,0.0027239574445479557,1
motional_heating,Motional heating,2.0,20.0,rates_b9547fee09e3ad72,3.0,YX,2,correlated,-1.6343044347895002e-09,0.00014063496813022675,2
motional_heating,Motional heating,2.0,20.0,rates_b9547fee09e3ad72,3.0,XY,2,correlated,-1.963218811908373e-09,0.00014063047082451847,3
motional_heating,Motional heating,2.0,20.0,rates_b9547fee09e3ad72,3.0,IX,1,local,1.3372791371971105e-08,0.0022641987656404038,1
motional_heating,Motional heating,2.0,20.0,rates_b9547fee09e3ad72,3.0,XI,1,local,1.8629770092030346e-08,0.002264191286005609,2
motional_heating,Motional heating,2.0,20.0,rates_b9547fee09e3ad72,3.0,ZI,1,local,-5.981056967650399e-10,0.00014067418894016584,3
motional_heating,Motional heating,2.0,20.0,rates_b9547fee09e3ad72,4.0,XX,2,correlated,0.07272082252045775,0.004293917513667346,1
motional_heating,Motional heating,2.0,20.0,rates_b9547fee09e3ad72,4.0,YX,2,correlated,6.112725318243553e-09,0.00013860443669631134,2
motional_heating,Motional heating,2.0,20.0,rates_b9547fee09e3ad72,4.0,XY,2,correlated,9.523862709179125e-09,0.000138603588857159,3
motional_heating,Motional heating,2.0,20.0,rates_b9547fee09e3ad72,4.0,IX,1,local,-7.83556970194409e-10,0.0027021329830188394,1
motional_heating,Motional heating,2.0,20.0,rates_b9547fee09e3ad72,4.0,XI,1,local,-6.812312732880227e-09,0.0027021253180950187,2
motional_heating,Motional heating,2.0,20.0,rates_b9547fee09e3ad72,4.0,IZ,1,local,1.8580145050881725e-09,0.00013862735994474862,3
motional_heating,Motional heating,4.0,40.0,rates_c0f0c540e1976c9c,0.01,XY,2,correlated,3.6078898989066273e-09,0.0001744741578436304,1
motional_heating,Motional heating,4.0,40.0,rates_c0f0c540e1976c9c,0.01,YX,2,correlated,2.966648477501382e-10,0.00017447399825368834,2
motional_heating,Motional heating,4.0,40.0,rates_c0f0c540e1976c9c,0.01,XX,2,correlated,0.013759974422688455,0.00016429700455646443,3
motional_heating,Motional heating,4.0,40.0,rates_c0f0c540e1976c9c,0.01,IX,1,local,-3.752803639966769e-09,0.001282384613053524,1
motional_heating,Motional heating,4.0,40.0,rates_c0f0c540e1976c9c,0.01,XI,1,local,-3.529839233962722e-09,0.0012823833253357178,2
motional_heating,Motional heating,4.0,40.0,rates_c0f0c540e1976c9c,0.01,IZ,1,local,1.5269045637734043e-10,0.00017444230191648606,3
motional_heating,Motional heating,4.0,40.0,rates_c0f0c540e1976c9c,1.0,XX,2,correlated,0.028830465595292322,0.0006168035515892666,1
motional_heating,Motional heating,4.0,40.0,rates_c0f0c540e1976c9c,1.0,XY,2,correlated,-1.7373463226825814e-09,0.00015042533053826715,2
motional_heating,Motional heating,4.0,40.0,rates_c0f0c540e1976c9c,1.0,YX,2,correlated,-3.832048002376608e-09,0.00015042425712369324,3
motional_heating,Motional heating,4.0,40.0,rates_c0f0c540e1976c9c,1.0,IX,1,local,3.36590245916374e-09,0.0017881777003529418,1
motional_heating,Motional heating,4.0,40.0,rates_c0f0c540e1976c9c,1.0,XI,1,local,7.806134301484836e-09,0.0017881761812485323,2
motional_heating,Motional heating,4.0,40.0,rates_c0f0c540e1976c9c,1.0,IZ,1,local,7.097469939115114e-11,0.0001504213820054341,3
motional_heating,Motional heating,4.0,40.0,rates_c0f0c540e1976c9c,2.0,XX,2,correlated,0.04376538486205242,0.001486162711787425,1
motional_heating,Motional heating,4.0,40.0,rates_c0f0c540e1976c9c,2.0,YX,2,correlated,1.2702497385843214e-09,0.0001439088866644672,2
motional_heating,Motional heating,4.0,40.0,rates_c0f0c540e1976c9c,2.0,XY,2,correlated,-1.9694659636808024e-09,0.00014390306916084352,3
motional_heating,Motional heating,4.0,40.0,rates_c0f0c540e1976c9c,2.0,XI,1,local,3.176547975626055e-08,0.0022707493152701037,1
motional_heating,Motional heating,4.0,40.0,rates_c0f0c540e1976c9c,2.0,IX,1,local,4.28781726115706e-08,0.0022707454276962025,2
motional_heating,Motional heating,4.0,40.0,rates_c0f0c540e1976c9c,2.0,IZ,1,local,3.0619782856968735e-10,0.00014391058045616983,3
motional_heating,Motional heating,4.0,40.0,rates_c0f0c540e1976c9c,3.0,XX,2,correlated,0.058404746914695736,0.002725201863949315,1
motional_heating,Motional heating,4.0,40.0,rates_c0f0c540e1976c9c,3.0,YX,2,correlated,7.698795051910092e-09,0.00014062231783388635,2
motional_heating,Motional heating,4.0,40.0,rates_c0f0c540e1976c9c,3.0,XY,2,correlated,7.080906663998993e-09,0.00014062231013034032,3
motional_heating,Motional heating,4.0,40.0,rates_c0f0c540e1976c9c,3.0,IX,1,local,6.006848443731184e-09,0.002724647282525947,1
motional_heating,Motional heating,4.0,40.0,rates_c0f0c540e1976c9c,3.0,XI,1,local,1.2642684023566664e-09,0.00272464533235227,2
motional_heating,Motional heating,4.0,40.0,rates_c0f0c540e1976c9c,3.0,IZ,1,local,4.2880934248866505e-10,0.0001406812214480777,3
motional_heating,Motional heating,4.0,40.0,rates_c0f0c540e1976c9c,4.0,XX,2,correlated,0.07274075113636529,0.004295554687809997,1
motional_heating,Motional heating,4.0,40.0,rates_c0f0c540e1976c9c,4.0,YX,2,correlated,-1.7721593981667961e-09,0.00013860391140997999,2
motional_heating,Motional heating,4.0,40.0,rates_c0f0c540e1976c9c,4.0,XY,2,correlated,1.2390176154121005e-09,0.00013860319770904472,3
motional_heating,Motional heating,4.0,40.0,rates_c0f0c540e1976c9c,4.0,IX,1,local,-5.8294011729738746e-09,0.0031539412939730407,1
motional_heating,Motional heating,4.0,40.0,rates_c0f0c540e1976c9c,4.0,XI,1,local,2.185389341516618e-09,0.003153938426478358,2
motional_heating,Motional heating,4.0,40.0,rates_c0f0c540e1976c9c,4.0,IZ,1,local,1.1126784306021724e-09,0.0001386200742177096,3
photon_scattering,Photon scattering,0.0,0.0,rates_fcafd99fe5655b45,0.01,XX,2,correlated,0.013736425090176335,0.00016386087197136343,1
photon_scattering,Photon scattering,0.0,0.0,rates_fcafd99fe5655b45,0.01,XY,2,correlated,-6.391544862747319e-09,6.113395200882083e-05,2
photon_scattering,Photon scattering,0.0,0.0,rates_fcafd99fe5655b45,0.01,YX,2,correlated,1.554476691801362e-09,6.113370742346158e-05,3
photon_scattering,Photon scattering,0.0,0.0,rates_fcafd99fe5655b45,0.01,IX,1,local,-1.1117580807214066e-09,0.0005256233358781278,1
photon_scattering,Photon scattering,0.0,0.0,rates_fcafd99fe5655b45,0.01,XI,1,local,2.841699687956378e-09,0.0005256175356066394,2
photon_scattering,Photon scattering,0.0,0.0,rates_fcafd99fe5655b45,0.01,ZI,1,local,8.887811606149096e-11,6.112974354660056e-05,3
photon_scattering,Photon scattering,0.0,0.0,rates_fcafd99fe5655b45,1.0,XX,2,correlated,0.02880624732977359,0.0006158833194617533,1
photon_scattering,Photon scattering,0.0,0.0,rates_fcafd99fe5655b45,1.0,XY,2,correlated,1.0795629734045923e-10,5.2044056128330206e-05,2
photon_scattering,Photon scattering,0.0,0.0,rates_fcafd99fe5655b45,1.0,YX,2,correlated,1.0655459382028405e-09,5.20440276989942e-05,3
photon_scattering,Photon scattering,0.0,0.0,rates_fcafd99fe5655b45,1.0,IX,1,local,4.629870158564187e-09,0.0010454387617763814,1
photon_scattering,Photon scattering,0.0,0.0,rates_fcafd99fe5655b45,1.0,XI,1,local,2.4215543002829672e-09,0.0010454368475613025,2
photon_scattering,Photon scattering,0.0,0.0,rates_fcafd99fe5655b45,1.0,IZ,1,local,1.3267537315214608e-10,5.2056497835868576e-05,3
photon_scattering,Photon scattering,0.0,0.0,rates_fcafd99fe5655b45,2.0,XX,2,correlated,0.043739839574378506,0.0014847089694635287,1
photon_scattering,Photon scattering,0.0,0.0,rates_fcafd99fe5655b45,2.0,XY,2,correlated,3.0196016706370434e-10,4.959228189153962e-05,2
photon_scattering,Photon scattering,0.0,0.0,rates_fcafd99fe5655b45,2.0,YX,2,correlated,4.418039908798484e-09,4.9591556910015154e-05,3
photon_scattering,Photon scattering,0.0,0.0,rates_fcafd99fe5655b45,2.0,IX,1,local,2.964709638115166e-08,0.001541732949905654,1
photon_scattering,Photon scattering,0.0,0.0,rates_fcafd99fe5655b45,2.0,XI,1,local,4.5927432907734296e-08,0.0015417232490873207,2
photon_scattering,Photon scattering,0.0,0.0,rates_fcafd99fe5655b45,2.0,ZI,1,local,2.2928811653016414e-10,4.95870645791237e-05,3
photon_scattering,Photon scattering,0.0,0.0,rates_fcafd99fe5655b45,3.0,XX,2,correlated,0.05837730107599249,0.002723354725409515,1
photon_scattering,Photon scattering,0.0,0.0,rates_fcafd99fe5655b45,3.0,YX,2,correlated,-9.54531842119311e-09,4.835878267484418e-05,2
photon_scattering,Photon scattering,0.0,0.0,rates_fcafd99fe5655b45,3.0,XY,2,correlated,1.3221227194289361e-09,4.8356593103207764e-05,3
photon_scattering,Photon scattering,0.0,0.0,rates_fcafd99fe5655b45,3.0,XI,1,local,-9.862064101363764e-09,0.002008963167896778,1
photon_scattering,Photon scattering,0.0,0.0,rates_fcafd99fe5655b45,3.0,IX,1,local,5.207440086544622e-10,0.0020089520780876046,2
photon_scattering,Photon scattering,0.0,0.0,rates_fcafd99fe5655b45,3.0,IZ,1,local,-1.6968957835544262e-10,4.8349554150276665e-05,3
photon_scattering,Photon scattering,0.0,0.0,rates_fcafd99fe5655b45,4.0,XX,2,correlated,0.07271081462354943,0.00429310949543499,1
photon_scattering,Photon scattering,0.0,0.0,rates_fcafd99fe5655b45,4.0,YX,2,correlated,-1.0389227384195107e-08,4.7588545373385875e-05,2
photon_scattering,Photon scattering,0.0,0.0,rates_fcafd99fe5655b45,4.0,XY,2,correlated,7.846754675152479e-09,4.758369525589102e-05,3
photon_scattering,Photon scattering,0.0,0.0,rates_fcafd99fe5655b45,4.0,XI,1,local,1.5308024222461615e-08,0.00245121096798753,1
photon_scattering,Photon scattering,0.0,0.0,rates_fcafd99fe5655b45,4.0,IX,1,local,1.3712241998521532e-08,0.0024511975446332686,2
photon_scattering,Photon scattering,0.0,0.0,rates_fcafd99fe5655b45,4.0,ZI,1,local,-1.811016583985299e-09,4.7597900694696986e-05,3
photon_scattering,Photon scattering,0.5,2.0,rates_8ae24337088cca02,0.01,XX,2,correlated,0.013736439594928514,0.00016385451209740122,1
photon_scattering,Photon scattering,0.5,2.0,rates_8ae24337088cca02,0.01,YX,2,correlated,-5.691948269003644e-09,0.00011781009044796345,2
photon_scattering,Photon scattering,0.5,2.0,rates_8ae24337088cca02,0.01,XY,2,correlated,4.147670263074669e-09,0.00011781004062038078,3
photon_scattering,Photon scattering,0.5,2.0,rates_8ae24337088cca02,0.01,XI,1,local,-6.9433519323786535e-09,0.0005381222067254415,1
photon_scattering,Photon scattering,0.5,2.0,rates_8ae24337088cca02,0.01,IX,1,local,-4.781530285571043e-09,0.00053810953144984,2
photon_scattering,Photon scattering,0.5,2.0,rates_8ae24337088cca02,0.01,IZ,1,local,9.862397535417464e-11,0.00011782322878662991,3
photon_scattering,Photon scattering,0.5,2.0,rates_8ae24337088cca02,1.0,XX,2,correlated,0.028806256407968144,0.0006158889358040584,1
photon_scattering,Photon scattering,0.5,2.0,rates_8ae24337088cca02,1.0,YX,2,correlated,1.1033107875780803e-09,0.00010123950759310485,2
photon_scattering,Photon scattering,0.5,2.0,rates_8ae24337088cca02,1.0,XY,2,correlated,-6.104151055357717e-09,0.00010123840723275696,3
photon_scattering,Photon scattering,0.5,2.0,rates_8ae24337088cca02,1.0,IX,1,local,1.4520232056763828e-08,0.001057943502863937,1
photon_scattering,Photon scattering,0.5,2.0,rates_8ae24337088cca02,1.0,XI,1,local,9.705610197825485e-09,0.0010579247019214717,2
photon_scattering,Photon scattering,0.5,2.0,rates_8ae24337088cca02,1.0,IZ,1,local,-1.1206022308752293e-10,0.00010124456749691645,3
photon_scattering,Photon scattering,0.5,2.0,rates_8ae24337088cca02,2.0,XX,2,correlated,0.04373983975557056,0.0014847149427139887,1
photon_scattering,Photon scattering,0.5,2.0,rates_8ae24337088cca02,2.0,XY,2,correlated,-2.77841896584871e-09,9.675824994781343e-05,2
photon_scattering,Photon scattering,0.5,2.0,rates_8ae24337088cca02,2.0,YX,2,correlated,-6.091157743865423e-09,9.675392277444734e-05,3
photon_scattering,Photon scattering,0.5,2.0,rates_8ae24337088cca02,2.0,IX,1,local,3.557078644077512e-08,0.0015542276185072136,1
photon_scattering,Photon scattering,0.5,2.0,rates_8ae24337088cca02,2.0,XI,1,local,4.481026484334323e-08,0.0015542231388167775,2
photon_scattering,Photon scattering,0.5,2.0,rates_8ae24337088cca02,2.0,IZ,1,local,1.1846025996768526e-09,9.674615866533232e-05,3
photon_scattering,Photon scattering,0.5,2.0,rates_8ae24337088cca02,3.0,XX,2,correlated,0.05837730821381574,0.002723333255583216,1
photon_scattering,Photon scattering,0.5,2.0,rates_8ae24337088cca02,3.0,YX,2,correlated,6.142112310580792e-09,9.448904508878699e-05,2
photon_scattering,Photon scattering,0.5,2.0,rates_8ae24337088cca02,3.0,XY,2,correlated,2.9269941167709605e-09,9.448728116568972e-05,3
photon_scattering,Photon scattering,0.5,2.0,rates_8ae24337088cca02,3.0,IX,1,local,2.0957015889731533e-08,0.002021462811034646,1
photon_scattering,Photon scattering,0.5,2.0,rates_8ae24337088cca02,3.0,XI,1,local,7.616372682517493e-09,0.0020214510402358785,2
photon_scattering,Photon scattering,0.5,2.0,rates_8ae24337088cca02,3.0,ZI,1,local,2.901746270479853e-10,9.451964853167103e-05,3
photon_scattering,Photon scattering,0.5,2.0,rates_8ae24337088cca02,4.0,XX,2,correlated,0.0727108288796364,0.00429309069047905,1
photon_scattering,Photon scattering,0.5,2.0,rates_8ae24337088cca02,4.0,XY,2,correlated,-3.823705177653529e-09,9.307731335090355e-05,2
photon_scattering,Photon scattering,0.5,2.0,rates_8ae24337088cca02,4.0,YX,2,correlated,5.3663878507726895e-09,9.307467151997164e-05,3
photon_scattering,Photon scattering,0.5,2.0,rates_8ae24337088cca02,4.0,IX,1,local,-5.2038112346196874e-09,0.0024637044110225803,1
photon_scattering,Photon scattering,0.5,2.0,rates_8ae24337088cca02,4.0,XI,1,local,-4.097911680586768e-10,0.0024636990120111744,2
photon_scattering,Photon scattering,0.5,2.0,rates_8ae24337088cca02,4.0,ZI,1,local,1.9682553047813853e-09,9.31284291706845e-05,3
photon_scattering,Photon scattering,1.0,4.0,rates_5052894f24b711d8,0.01,XY,2,correlated,4.308445887860059e-09,0.00017450344307439313,1
photon_scattering,Photon scattering,1.0,4.0,rates_5052894f24b711d8,0.01,YX,2,correlated,-5.368854903815391e-10,0.00017450278706094115,2
photon_scattering,Photon scattering,1.0,4.0,rates_5052894f24b711d8,0.01,XX,2,correlated,0.013736447028339389,0.00016386527935669193,3
photon_scattering,Photon scattering,1.0,4.0,rates_5052894f24b711d8,0.01,XI,1,local,1.3828757756247916e-09,0.000550611275765521,1
photon_scattering,Photon scattering,1.0,4.0,rates_5052894f24b711d8,0.01,IX,1,local,-6.004397287920888e-09,0.0005506084786575883,2
photon_scattering,Photon scattering,1.0,4.0,rates_5052894f24b711d8,0.01,ZI,1,local,4.740428733971178e-11,0.00017450025379900903,3
photon_scattering,Photon scattering,1.0,4.0,rates_5052894f24b711d8,1.0,XX,2,correlated,0.02880627467169461,0.0006158910031808071,1
photon_scattering,Photon scattering,1.0,4.0,rates_5052894f24b711d8,1.0,XY,2,correlated,2.626645914980696e-09,0.00015042936564450842,2
photon_scattering,Photon scattering,1.0,4.0,rates_5052894f24b711d8,1.0,YX,2,correlated,-4.741451268929992e-09,0.00015042890295126267,3
photon_scattering,Photon scattering,1.0,4.0,rates_5052894f24b711d8,1.0,XI,1,local,6.068784605535182e-09,0.0010704333394205763,1
photon_scattering,Photon scattering,1.0,4.0,rates_5052894f24b711d8,1.0,IX,1,local,1.0846679517510993e-08,0.0010704254569091842,2
photon_scattering,Photon scattering,1.0,4.0,rates_5052894f24b711d8,1.0,ZI,1,local,-7.567167684142628e-10,0.00015043629350323357,3
photon_scattering,Photon scattering,1.0,4.0,rates_5052894f24b711d8,2.0,XX,2,correlated,0.043739865582729485,0.0014847122636456828,1
photon_scattering,Photon scattering,1.0,4.0,rates_5052894f24b711d8,2.0,YX,2,correlated,3.5756605304612067e-09,0.00014391241639640873,2
photon_scattering,Photon scattering,1.0,4.0,rates_5052894f24b711d8,2.0,XY,2,correlated,-3.063666841863846e-09,0.0001439121240354926,3
photon_scattering,Photon scattering,1.0,4.0,rates_5052894f24b711d8,2.0,IX,1,local,2.8861033918535912e-08,0.001566725304167278,1
photon_scattering,Photon scattering,1.0,4.0,rates_5052894f24b711d8,2.0,XI,1,local,3.133300121929388e-08,0.0015667197327385255,2
photon_scattering,Photon scattering,1.0,4.0,rates_5052894f24b711d8,2.0,IZ,1,local,2.5194294209897316e-10,0.000143913533121567,3
photon_scattering,Photon scattering,1.0,4.0,rates_5052894f24b711d8,3.0,XX,2,correlated,0.0583773119797686,0.002723344384544099,1
photon_scattering,Photon scattering,1.0,4.0,rates_5052894f24b711d8,3.0,XY,2,correlated,4.351726596501843e-09,0.00014065589568892136,2
photon_scattering,Photon scattering,1.0,4.0,rates_5052894f24b711d8,3.0,YX,2,correlated,-5.967907246736348e-09,0.0001406527950492376,3
photon_scattering,Photon scattering,1.0,4.0,rates_5052894f24b711d8,3.0,XI,1,local,3.170835876898074e-08,0.0020339702591774225,1
photon_scattering,Photon scattering,1.0,4.0,rates_5052894f24b711d8,3.0,IX,1,local,1.3495218900022492e-08,0.002033946288596012,2
photon_scattering,Photon scattering,1.0,4.0,rates_5052894f24b711d8,3.0,ZI,1,local,-2.0853888236074515e-10,0.00014066386813740248,3
photon_scattering,Photon scattering,1.0,4.0,rates_5052894f24b711d8,4.0,XX,2,correlated,0.07271085859203336,0.00429310288793495,1
photon_scattering,Photon scattering,1.0,4.0,rates_5052894f24b711d8,4.0,XY,2,correlated,6.322278501178176e-09,0.00013859706268990824,2
photon_scattering,Photon scattering,1.0,4.0,rates_5052894f24b711d8,4.0,YX,2,correlated,-1.2996862622636972e-08,0.00013859638283894972,3
photon_scattering,Photon scattering,1.0,4.0,rates_5052894f24b711d8,4.0,XI,1,local,6.752210987084111e-09,0.0024762036153670305,1
photon_scattering,Photon scattering,1.0,4.0,rates_5052894f24b711d8,4.0,IX,1,local,6.768329192221085e-09,0.0024761999143451266,2
photon_scattering,Photon scattering,1.0,4.0,rates_5052894f24b711d8,4.0,ZI,1,local,1.1295248279434453e-10,0.00013863414370672122,3
photon_scattering,Photon scattering,2.0,8.0,rates_8a9b52e075933311,0.01,YX,2,correlated,2.622371988016771e-09,0.00028785688936422296,1
photon_scattering,Photon scattering,2.0,8.0,rates_8a9b52e075933311,0.01,XY,2,correlated,-2.884095317573138e-09,0.00028785649124443805,2
photon_scattering,Photon scattering,2.0,8.0,rates_8a9b52e075933311,0.01,XX,2,correlated,0.013736517980131403,0.00016385510008988183,3
photon_scattering,Photon scattering,2.0,8.0,rates_8a9b52e075933311,0.01,IX,1,local,-4.293483486483801e-09,0.0005755918713542603,1
photon_scattering,Photon scattering,2.0,8.0,rates_8a9b52e075933311,0.01,XI,1,local,-1.3981406280711331e-08,0.0005755838853699824,2
photon_scattering,Photon scattering,2.0,8.0,rates_8a9b52e075933311,0.01,IZ,1,local,-2.2324600991979124e-11,0.00028788037334208074,3
photon_scattering,Photon scattering,2.0,8.0,rates_8a9b52e075933311,1.0,XX,2,correlated,0.028806337091639066,0.0006158867891920346,1
photon_scattering,Photon scattering,2.0,8.0,rates_8a9b52e075933311,1.0,XY,2,correlated,-8.600169480903028e-10,0.00024880667698712095,2
photon_scattering,Photon scattering,2.0,8.0,rates_8a9b52e075933311,1.0,YX,2,correlated,3.836353884917893e-09,0.00024880435862065177,3
photon_scattering,Photon scattering,2.0,8.0,rates_8a9b52e075933311,1.0,IX,1,local,6.504613791104457e-09,0.001095414587789558,1
photon_scattering,Photon scattering,2.0,8.0,rates_8a9b52e075933311,1.0,XI,1,local,1.1820675509203929e-08,0.001095414238184745,2
photon_scattering,Photon scattering,2.0,8.0,rates_8a9b52e075933311,1.0,IZ,1,local,-4.4096839630853465e-10,0.0002488255011115364,3
photon_scattering,Photon scattering,2.0,8.0,rates_8a9b52e075933311,2.0,XX,2,correlated,0.043739907523769876,0.0014847054576890089,1
photon_scattering,Photon scattering,2.0,8.0,rates_8a9b52e075933311,2.0,XY,2,correlated,-1.0451238805039347e-08,0.0002382244651299469,2
photon_scattering,Photon scattering,2.0,8.0,rates_8a9b52e075933311,2.0,YX,2,correlated,5.046031198833858e-09,0.0002382242803692648,3
photon_scattering,Photon scattering,2.0,8.0,rates_8a9b52e075933311,2.0,IX,1,local,2.6879188972354697e-08,0.00159171788063471,1
photon_scattering,Photon scattering,2.0,8.0,rates_8a9b52e075933311,2.0,XI,1,local,3.289739640237902e-08,0.0015917002274375648,2
photon_scattering,Photon scattering,2.0,8.0,rates_8a9b52e075933311,2.0,ZI,1,local,8.005112292810072e-10,0.00023824683885531728,3
photon_scattering,Photon scattering,2.0,8.0,rates_8a9b52e075933311,3.0,XX,2,correlated,0.058377395776671386,0.0027233580846084474,1
photon_scattering,Photon scattering,2.0,8.0,rates_8a9b52e075933311,3.0,XY,2,correlated,-5.477747129177174e-09,0.00023295334707324915,2
photon_scattering,Photon scattering,2.0,8.0,rates_8a9b52e075933311,3.0,YX,2,correlated,4.918301582532857e-09,0.0002329500695765869,3
photon_scattering,Photon scattering,2.0,8.0,rates_8a9b52e075933311,3.0,IX,1,local,-2.3181241160195875e-09,0.0020589579052489315,1
photon_scattering,Photon scattering,2.0,8.0,rates_8a9b52e075933311,3.0,XI,1,local,1.5339360699750132e-08,0.002058941201709047,2
photon_scattering,Photon scattering,2.0,8.0,rates_8a9b52e075933311,3.0,ZI,1,local,-5.869557170120339e-10,0.0002329579116252991,3
photon_scattering,Photon scattering,2.0,8.0,rates_8a9b52e075933311,4.0,XX,2,correlated,0.07271091599290258,0.004293101624669715,1
photon_scattering,Photon scattering,2.0,8.0,rates_8a9b52e075933311,4.0,YX,2,correlated,-7.032825633936787e-09,0.0002296153185582044,2
photon_scattering,Photon scattering,2.0,8.0,rates_8a9b52e075933311,4.0,XY,2,correlated,-1.70535921791114e-09,0.00022960859579806568,3
photon_scattering,Photon scattering,2.0,8.0,rates_8a9b52e075933311,4.0,XI,1,local,6.7316865355125616e-09,0.002501191209804645,1
photon_scattering,Photon scattering,2.0,8.0,rates_8a9b52e075933311,4.0,IX,1,local,1.3039573255393719e-08,0.002501187707304854,2
photon_scattering,Photon scattering,2.0,8.0,rates_8a9b52e075933311,4.0,IZ,1,local,1.6371767685539363e-09,0.0002296616916177498,3
photon_scattering,Photon scattering,4.0,16.0,rates_8237b1a36457cbc1,0.01,YX,2,correlated,-4.6381165935321877e-10,0.0005145829166760273,1
photon_scattering,Photon scattering,4.0,16.0,rates_8237b1a36457cbc1,0.01,XY,2,correlated,-2.6825522331673427e-11,0.0005145827325315651,2
photon_scattering,Photon scattering,4.0,16.0,rates_8237b1a36457cbc1,0.01,XZ,2,correlated,2.143941659488348e-09,0.00021869412898389314,3
photon_scattering,Photon scattering,4.0,16.0,rates_8237b1a36457cbc1,0.01,XI,1,local,-3.5537048169253058e-09,0.0006255194890082293,1
photon_scattering,Photon scattering,4.0,16.0,rates_8237b1a36457cbc1,0.01,IX,1,local,-2.543591190292807e-09,0.0006255091598035006,2
photon_scattering,Photon scattering,4.0,16.0,rates_8237b1a36457cbc1,0.01,ZI,1,local,1.8372080555026032e-10,0.000514619116020726,3
photon_scattering,Photon scattering,4.0,16.0,rates_8237b1a36457cbc1,1.0,XX,2,correlated,0.028806563949894233,0.000615882118860514,1
photon_scattering,Photon scattering,4.0,16.0,rates_8237b1a36457cbc1,1.0,XY,2,correlated,1.5960903544247042e-09,0.0004455575494847456,2
photon_scattering,Photon scattering,4.0,16.0,rates_8237b1a36457cbc1,1.0,YX,2,correlated,-4.073548629673441e-09,0.0004455570392072086,3
photon_scattering,Photon scattering,4.0,16.0,rates_8237b1a36457cbc1,1.0,XI,1,local,1.1159415478176077e-09,0.0011453657789345735,1
photon_scattering,Photon scattering,4.0,16.0,rates_8237b1a36457cbc1,1.0,IX,1,local,8.416573700526325e-09,0.0011453551202539037,2
photon_scattering,Photon scattering,4.0,16.0,rates_8237b1a36457cbc1,1.0,IZ,1,local,-2.4370897032282888e-11,0.0004455978980875456,3
photon_scattering,Photon scattering,4.0,16.0,rates_8237b1a36457cbc1,2.0,XX,2,correlated,0.04374012422876242,0.0014846941450179702,1
photon_scattering,Photon scattering,4.0,16.0,rates_8237b1a36457cbc1,2.0,XY,2,correlated,-3.054832553957196e-09,0.00042684918396575233,2
photon_scattering,Photon scattering,4.0,16.0,rates_8237b1a36457cbc1,2.0,YX,2,correlated,6.746748580123609e-09,0.00042684917315358997,3
photon_scattering,Photon scattering,4.0,16.0,rates_8237b1a36457cbc1,2.0,IX,1,local,4.568557564535604e-08,0.0016416681689842337,1
photon_scattering,Photon scattering,4.0,16.0,rates_8237b1a36457cbc1,2.0,XI,1,local,4.853128531143953e-08,0.0016416590246820782,2
photon_scattering,Photon scattering,4.0,16.0,rates_8237b1a36457cbc1,2.0,ZI,1,local,4.3358676436794986e-10,0.00042690806442078797,3
photon_scattering,Photon scattering,4.0,16.0,rates_8237b1a36457cbc1,3.0,XX,2,correlated,0.05837762107510594,0.0027233185353130384,1
photon_scattering,Photon scattering,4.0,16.0,rates_8237b1a36457cbc1,3.0,XY,2,correlated,9.832300488999864e-09,0.0004174881515621944,2
photon_scattering,Photon scattering,4.0,16.0,rates_8237b1a36457cbc1,3.0,YX,2,correlated,3.923729063040641e-09,0.0004174822860919013,3
photon_scattering,Photon scattering,4.0,16.0,rates_8237b1a36457cbc1,3.0,XI,1,local,8.971216144605793e-10,0.0021089124707336813,1
photon_scattering,Photon scattering,4.0,16.0,rates_8237b1a36457cbc1,3.0,IX,1,local,-4.749404428983143e-09,0.0021089027521769546,2
photon_scattering,Photon scattering,4.0,16.0,rates_8237b1a36457cbc1,3.0,ZI,1,local,-8.141984927846289e-10,0.0004175961304668178,3
photon_scattering,Photon scattering,4.0,16.0,rates_8237b1a36457cbc1,4.0,XX,2,correlated,0.07271112311185676,0.004293108011321961,1
photon_scattering,Photon scattering,4.0,16.0,rates_8237b1a36457cbc1,4.0,XY,2,correlated,-1.2994434124192588e-09,0.00041165314176196057,2
photon_scattering,Photon scattering,4.0,16.0,rates_8237b1a36457cbc1,4.0,YX,2,correlated,-4.5349527356391515e-09,0.0004116493011933017,3
photon_scattering,Photon scattering,4.0,16.0,rates_8237b1a36457cbc1,4.0,XI,1,local,5.8234733748729486e-09,0.00255116623344429,1
photon_scattering,Photon scattering,4.0,16.0,rates_8237b1a36457cbc1,4.0,IX,1,local,4.559814438581373e-09,0.002551148461477903,2
photon_scattering,Photon scattering,4.0,16.0,rates_8237b1a36457cbc1,4.0,IZ,1,local,8.592768570804188e-11,0.0004117115171637198,3
spin_dephasing,Spin dephasing,0.0,0.0,rates_7418570e02de0b71,0.01,XX,2,correlated,0.013736439484403198,0.00016385770990196184,1
spin_dephasing,Spin dephasing,0.0,0.0,rates_7418570e02de0b71,0.01,XY,2,correlated,-5.324984601152344e-10,0.00011336509367402803,2
spin_dephasing,Spin dephasing,0.0,0.0,rates_7418570e02de0b71,0.01,YX,2,correlated,-2.44185028405418e-09,0.00011336492987092458,3
spin_dephasing,Spin dephasing,0.0,0.0,rates_7418570e02de0b71,0.01,XI,1,local,-3.233059690409262e-09,0.0005506198601484468,1
spin_dephasing,Spin dephasing,0.0,0.0,rates_7418570e02de0b71,0.01,IX,1,local,-3.815750209889331e-09,0.0005506156315450444,2
spin_dephasing,Spin dephasing,0.0,0.0,rates_7418570e02de0b71,0.01,ZI,1,local,2.448880495329659e-12,0.0001133730362485598,3
spin_dephasing,Spin dephasing,0.0,0.0,rates_7418570e02de0b71,1.0,XX,2,correlated,0.028806252748413697,0.0006158896697152908,1
spin_dephasing,Spin dephasing,0.0,0.0,rates_7418570e02de0b71,1.0,XY,2,correlated,-4.877289844769759e-09,9.838083567119093e-05,2
spin_dephasing,Spin dephasing,0.0,0.0,rates_7418570e02de0b71,1.0,YX,2,correlated,1.548448431108669e-10,9.837841013552481e-05,3
spin_dephasing,Spin dephasing,0.0,0.0,rates_7418570e02de0b71,1.0,IX,1,local,2.4119830867125593e-09,0.00107043630748107,1
spin_dephasing,Spin dephasing,0.0,0.0,rates_7418570e02de0b71,1.0,XI,1,local,8.85538116399846e-09,0.0010704345693068635,2
spin_dephasing,Spin dephasing,0.0,0.0,rates_7418570e02de0b71,1.0,ZI,1,local,1.3530661863825933e-10,9.838639287239377e-05,3
spin_dephasing,Spin dephasing,0.0,0.0,rates_7418570e02de0b71,2.0,XX,2,correlated,0.043739851954824924,0.0014847038078333232,1
spin_dephasing,Spin dephasing,0.0,0.0,rates_7418570e02de0b71,2.0,YX,2,correlated,-5.648846909875802e-09,9.431874407184746e-05,2
spin_dephasing,Spin dephasing,0.0,0.0,rates_7418570e02de0b71,2.0,XY,2,correlated,4.883308003488495e-09,9.431829908932774e-05,3
spin_dephasing,Spin dephasing,0.0,0.0,rates_7418570e02de0b71,2.0,XI,1,local,3.633503182855148e-08,0.0015667337218965556,1
spin_dephasing,Spin dephasing,0.0,0.0,rates_7418570e02de0b71,2.0,IX,1,local,4.372148839087082e-08,0.001566719950551549,2
spin_dephasing,Spin dephasing,0.0,0.0,rates_7418570e02de0b71,2.0,IZ,1,local,6.03339451122039e-10,9.432819551074011e-05,3
spin_dephasing,Spin dephasing,0.0,0.0,rates_7418570e02de0b71,3.0,XX,2,correlated,0.058377285523671815,0.002723352969640072,1
spin_dephasing,Spin dephasing,0.0,0.0,rates_7418570e02de0b71,3.0,XY,2,correlated,3.894950927460548e-09,9.229447968409196e-05,2
spin_dephasing,Spin dephasing,0.0,0.0,rates_7418570e02de0b71,3.0,YX,2,correlated,-1.0874375085945671e-08,9.228908512467343e-05,3
spin_dephasing,Spin dephasing,0.0,0.0,rates_7418570e02de0b71,3.0,XI,1,local,1.0663719552878954e-08,0.0020339646605560743,1
spin_dephasing,Spin dephasing,0.0,0.0,rates_7418570e02de0b71,3.0,IX,1,local,-2.5931542477320713e-09,0.002033954373356213,2
spin_dephasing,Spin dephasing,0.0,0.0,rates_7418570e02de0b71,3.0,ZI,1,local,-1.894633242587754e-09,9.229249348557583e-05,3
spin_dephasing,Spin dephasing,0.0,0.0,rates_7418570e02de0b71,4.0,XX,2,correlated,0.07271081777790803,0.004293112056780818,1
spin_dephasing,Spin dephasing,0.0,0.0,rates_7418570e02de0b71,4.0,XY,2,correlated,-7.453175802582592e-09,9.102322151775566e-05,2
spin_dephasing,Spin dephasing,0.0,0.0,rates_7418570e02de0b71,4.0,YX,2,correlated,-5.140272392156097e-09,9.101932125768963e-05,3
spin_dephasing,Spin dephasing,0.0,0.0,rates_7418570e02de0b71,4.0,IX,1,local,1.4963814180628988e-09,0.002476205079248909,1
spin_dephasing,Spin dephasing,0.0,0.0,rates_7418570e02de0b71,4.0,XI,1,local,-2.8344422245488557e-10,0.0024762049857474755,2
spin_dephasing,Spin dephasing,0.0,0.0,rates_7418570e02de0b71,4.0,ZI,1,local,-9.130618507825208e-10,9.103011680843365e-05,3
spin_dephasing,Spin dephasing,0.5,1.6666666666666667,rates_044a6c959026d60d,0.01,XX,2,correlated,0.013736439995296156,0.00016386288010400012,1
spin_dephasing,Spin dephasing,0.5,1.6666666666666667,rates_044a6c959026d60d,0.01,YX,2,correlated,-9.277626087664276e-09,0.00014393613277218756,2
spin_dephasing,Spin dephasing,0.5,1.6666666666666667,rates_044a6c959026d60d,0.01,XY,2,correlated,3.2780719740452452e-09,0.00014393607760307414,3
spin_dephasing,Spin dephasing,0.5,1.6666666666666667,rates_044a6c959026d60d,0.01,XI,1,local,-1.4843531147301967e-09,0.0005506212555291529,1
spin_dephasing,Spin dephasing,0.5,1.6666666666666667,rates_044a6c959026d60d,0.01,IX,1,local,-2.0802710957404502e-09,0.000550607125241927,2
spin_dephasing,Spin dephasing,0.5,1.6666666666666667,rates_044a6c959026d60d,0.01,IZ,1,local,1.4933799230612132e-10,0.00014393463747071705,3
spin_dephasing,Spin dephasing,0.5,1.6666666666666667,rates_044a6c959026d60d,1.0,XX,2,correlated,0.028806286308252424,0.0006158918454831904,1
spin_dephasing,Spin dephasing,0.5,1.6666666666666667,rates_044a6c959026d60d,1.0,YX,2,correlated,1.9292998673080925e-09,0.00012440754023620602,2
spin_dephasing,Spin dephasing,0.5,1.6666666666666667,rates_044a6c959026d60d,1.0,XY,2,correlated,-4.084346522714347e-09,0.0001244067683569898,3
spin_dephasing,Spin dephasing,0.5,1.6666666666666667,rates_044a6c959026d60d,1.0,IX,1,local,6.5948538663768256e-09,0.001070436337776339,1
spin_dephasing,Spin dephasing,0.5,1.6666666666666667,rates_044a6c959026d60d,1.0,XI,1,local,3.427912977803566e-09,0.0010704310183698527,2
spin_dephasing,Spin dephasing,0.5,1.6666666666666667,rates_044a6c959026d60d,1.0,ZI,1,local,-1.3750880130658023e-11,0.00012440881084924054,3
spin_dephasing,Spin dephasing,0.5,1.6666666666666667,rates_044a6c959026d60d,2.0,XX,2,correlated,0.04373985769714746,0.00148471183752537,1
spin_dephasing,Spin dephasing,0.5,1.6666666666666667,rates_044a6c959026d60d,2.0,XY,2,correlated,-2.809180118525335e-09,0.00011912009463436877,2
spin_dephasing,Spin dephasing,0.5,1.6666666666666667,rates_044a6c959026d60d,2.0,YX,2,correlated,4.392883464087402e-09,0.00011911762082145822,3
spin_dephasing,Spin dephasing,0.5,1.6666666666666667,rates_044a6c959026d60d,2.0,XI,1,local,3.623043759820475e-08,0.0015667253436389527,1
spin_dephasing,Spin dephasing,0.5,1.6666666666666667,rates_044a6c959026d60d,2.0,IX,1,local,3.73702947424289e-08,0.001566723347414837,2
spin_dephasing,Spin dephasing,0.5,1.6666666666666667,rates_044a6c959026d60d,2.0,IZ,1,local,-2.0489220769905234e-10,0.00011911857151376368,3
spin_dephasing,Spin dephasing,0.5,1.6666666666666667,rates_044a6c959026d60d,3.0,XX,2,correlated,0.05837731699678697,0.0027233463285766648,1
spin_dephasing,Spin dephasing,0.5,1.6666666666666667,rates_044a6c959026d60d,3.0,YX,2,correlated,-6.855089348066845e-09,0.00011646722325037617,2
spin_dephasing,Spin dephasing,0.5,1.6666666666666667,rates_044a6c959026d60d,3.0,XY,2,correlated,-1.022693164829305e-09,0.00011646486801650827,3
spin_dephasing,Spin dephasing,0.5,1.6666666666666667,rates_044a6c959026d60d,3.0,XI,1,local,4.401672643829181e-09,0.0020339648552024957,1
spin_dephasing,Spin dephasing,0.5,1.6666666666666667,rates_044a6c959026d60d,3.0,IX,1,local,-3.695673868901041e-09,0.002033951399440404,2
spin_dephasing,Spin dephasing,0.5,1.6666666666666667,rates_044a6c959026d60d,3.0,ZI,1,local,-1.2122124972797583e-09,0.00011648114645462844,3
spin_dephasing,Spin dephasing,0.5,1.6666666666666667,rates_044a6c959026d60d,4.0,XX,2,correlated,0.0727108556346369,0.004293105072219966,1
spin_dephasing,Spin dephasing,0.5,1.6666666666666667,rates_044a6c959026d60d,4.0,XY,2,correlated,6.1326416936142676e-09,0.00011480517381582832,2
spin_dephasing,Spin dephasing,0.5,1.6666666666666667,rates_044a6c959026d60d,4.0,YX,2,correlated,2.3794036590261702e-09,0.00011479865256700927,3
spin_dephasing,Spin dephasing,0.5,1.6666666666666667,rates_044a6c959026d60d,4.0,XI,1,local,1.5542352935727253e-09,0.002476204062771766,1
spin_dephasing,Spin dephasing,0.5,1.6666666666666667,rates_044a6c959026d60d,4.0,IX,1,local,-8.543095255526581e-09,0.002476197632199961,2
spin_dephasing,Spin dephasing,0.5,1.6666666666666667,rates_044a6c959026d60d,4.0,ZI,1,local,-8.797293803782591e-10,0.00011483229195413387,3
spin_dephasing,Spin dephasing,1.0,3.3333333333333335,rates_5052894f24b711d8,0.01,XY,2,correlated,4.308445887860059e-09,0.00017450344307439313,1
spin_dephasing,Spin dephasing,1.0,3.3333333333333335,rates_5052894f24b711d8,0.01,YX,2,correlated,-5.368854903815391e-10,0.00017450278706094115,2
spin_dephasing,Spin dephasing,1.0,3.3333333333333335,rates_5052894f24b711d8,0.01,XX,2,correlated,0.013736447028339389,0.00016386527935669193,3
spin_dephasing,Spin dephasing,1.0,3.3333333333333335,rates_5052894f24b711d8,0.01,XI,1,local,1.3828757756247916e-09,0.000550611275765521,1
spin_dephasing,Spin dephasing,1.0,3.3333333333333335,rates_5052894f24b711d8,0.01,IX,1,local,-6.004397287920888e-09,0.0005506084786575883,2
spin_dephasing,Spin dephasing,1.0,3.3333333333333335,rates_5052894f24b711d8,0.01,ZI,1,local,4.740428733971178e-11,0.00017450025379900903,3
spin_dephasing,Spin dephasing,1.0,3.3333333333333335,rates_5052894f24b711d8,1.0,XX,2,correlated,0.02880627467169461,0.0006158910031808071,1
spin_dephasing,Spin dephasing,1.0,3.3333333333333335,rates_5052894f24b711d8,1.0,XY,2,correlated,2.626645914980696e-09,0.00015042936564450842,2
spin_dephasing,Spin dephasing,1.0,3.3333333333333335,rates_5052894f24b711d8,1.0,YX,2,correlated,-4.741451268929992e-09,0.00015042890295126267,3
spin_dephasing,Spin dephasing,1.0,3.3333333333333335,rates_5052894f24b711d8,1.0,XI,1,local,6.068784605535182e-09,0.0010704333394205763,1
spin_dephasing,Spin dephasing,1.0,3.3333333333333335,rates_5052894f24b711d8,1.0,IX,1,local,1.0846679517510993e-08,0.0010704254569091842,2
spin_dephasing,Spin dephasing,1.0,3.3333333333333335,rates_5052894f24b711d8,1.0,ZI,1,local,-7.567167684142628e-10,0.00015043629350323357,3
spin_dephasing,Spin dephasing,1.0,3.3333333333333335,rates_5052894f24b711d8,2.0,XX,2,correlated,0.043739865582729485,0.0014847122636456828,1
spin_dephasing,Spin dephasing,1.0,3.3333333333333335,rates_5052894f24b711d8,2.0,YX,2,correlated,3.5756605304612067e-09,0.00014391241639640873,2
spin_dephasing,Spin dephasing,1.0,3.3333333333333335,rates_5052894f24b711d8,2.0,XY,2,correlated,-3.063666841863846e-09,0.0001439121240354926,3
spin_dephasing,Spin dephasing,1.0,3.3333333333333335,rates_5052894f24b711d8,2.0,IX,1,local,2.8861033918535912e-08,0.001566725304167278,1
spin_dephasing,Spin dephasing,1.0,3.3333333333333335,rates_5052894f24b711d8,2.0,XI,1,local,3.133300121929388e-08,0.0015667197327385255,2
spin_dephasing,Spin dephasing,1.0,3.3333333333333335,rates_5052894f24b711d8,2.0,IZ,1,local,2.5194294209897316e-10,0.000143913533121567,3
spin_dephasing,Spin dephasing,1.0,3.3333333333333335,rates_5052894f24b711d8,3.0,XX,2,correlated,0.0583773119797686,0.002723344384544099,1
spin_dephasing,Spin dephasing,1.0,3.3333333333333335,rates_5052894f24b711d8,3.0,XY,2,correlated,4.351726596501843e-09,0.00014065589568892136,2
spin_dephasing,Spin dephasing,1.0,3.3333333333333335,rates_5052894f24b711d8,3.0,YX,2,correlated,-5.967907246736348e-09,0.0001406527950492376,3
spin_dephasing,Spin dephasing,1.0,3.3333333333333335,rates_5052894f24b711d8,3.0,XI,1,local,3.170835876898074e-08,0.0020339702591774225,1
spin_dephasing,Spin dephasing,1.0,3.3333333333333335,rates_5052894f24b711d8,3.0,IX,1,local,1.3495218900022492e-08,0.002033946288596012,2
spin_dephasing,Spin dephasing,1.0,3.3333333333333335,rates_5052894f24b711d8,3.0,ZI,1,local,-2.0853888236074515e-10,0.00014066386813740248,3
spin_dephasing,Spin dephasing,1.0,3.3333333333333335,rates_5052894f24b711d8,4.0,XX,2,correlated,0.07271085859203336,0.00429310288793495,1
spin_dephasing,Spin dephasing,1.0,3.3333333333333335,rates_5052894f24b711d8,4.0,XY,2,correlated,6.322278501178176e-09,0.00013859706268990824,2
spin_dephasing,Spin dephasing,1.0,3.3333333333333335,rates_5052894f24b711d8,4.0,YX,2,correlated,-1.2996862622636972e-08,0.00013859638283894972,3
spin_dephasing,Spin dephasing,1.0,3.3333333333333335,rates_5052894f24b711d8,4.0,XI,1,local,6.752210987084111e-09,0.0024762036153670305,1
spin_dephasing,Spin dephasing,1.0,3.3333333333333335,rates_5052894f24b711d8,4.0,IX,1,local,6.768329192221085e-09,0.0024761999143451266,2
spin_dephasing,Spin dephasing,1.0,3.3333333333333335,rates_5052894f24b711d8,4.0,ZI,1,local,1.1295248279434453e-10,0.00013863414370672122,3
spin_dephasing,Spin dephasing,2.0,6.666666666666667,rates_b078dc36ac371a9a,0.01,YX,2,correlated,-9.992117829331944e-10,0.00023562296125112818,1
spin_dephasing,Spin dephasing,2.0,6.666666666666667,rates_b078dc36ac371a9a,0.01,XY,2,correlated,5.343129578866846e-10,0.000235622731138993,2
spin_dephasing,Spin dephasing,2.0,6.666666666666667,rates_b078dc36ac371a9a,0.01,XX,2,correlated,0.013736476382074439,0.00016385441716858023,3
spin_dephasing,Spin dephasing,2.0,6.666666666666667,rates_b078dc36ac371a9a,0.01,XI,1,local,-9.177219798623273e-09,0.0005505994233691274,1
spin_dephasing,Spin dephasing,2.0,6.666666666666667,rates_b078dc36ac371a9a,0.01,IX,1,local,-1.3020146858402743e-09,0.000550595776079197,2
spin_dephasing,Spin dephasing,2.0,6.666666666666667,rates_b078dc36ac371a9a,0.01,IZ,1,local,-1.0322752800398635e-10,0.00023564340631749843,3
spin_dephasing,Spin dephasing,2.0,6.666666666666667,rates_b078dc36ac371a9a,1.0,XX,2,correlated,0.028806319065313443,0.0006158827005135253,1
spin_dephasing,Spin dephasing,2.0,6.666666666666667,rates_b078dc36ac371a9a,1.0,YX,2,correlated,3.4237290253622276e-09,0.00020247128967018906,2
spin_dephasing,Spin dephasing,2.0,6.666666666666667,rates_b078dc36ac371a9a,1.0,XY,2,correlated,1.3307838672488526e-09,0.0002024709819954351,3
spin_dephasing,Spin dephasing,2.0,6.666666666666667,rates_b078dc36ac371a9a,1.0,IX,1,local,9.05343299844302e-09,0.0010704226024518197,1
spin_dephasing,Spin dephasing,2.0,6.666666666666667,rates_b078dc36ac371a9a,1.0,XI,1,local,9.16249383705062e-09,0.0010704197544420776,2
spin_dephasing,Spin dephasing,2.0,6.666666666666667,rates_b078dc36ac371a9a,1.0,IZ,1,local,-4.357331266568323e-12,0.0002024949196982231,3
spin_dephasing,Spin dephasing,2.0,6.666666666666667,rates_b078dc36ac371a9a,2.0,XX,2,correlated,0.04373988463140677,0.0014847064228366393,1
spin_dephasing,Spin dephasing,2.0,6.666666666666667,rates_b078dc36ac371a9a,2.0,XY,2,correlated,-2.7037480416793006e-09,0.00019349528558573455,2
spin_dephasing,Spin dephasing,2.0,6.666666666666667,rates_b078dc36ac371a9a,2.0,YX,2,correlated,-2.4518918114712465e-09,0.0001934937982680492,3
spin_dephasing,Spin dephasing,2.0,6.666666666666667,rates_b078dc36ac371a9a,2.0,IX,1,local,3.116556010883795e-08,0.0015667248950400866,1
spin_dephasing,Spin dephasing,2.0,6.666666666666667,rates_b078dc36ac371a9a,2.0,XI,1,local,3.6044879943836214e-08,0.0015667056394541323,2
spin_dephasing,Spin dephasing,2.0,6.666666666666667,rates_b078dc36ac371a9a,2.0,ZI,1,local,-5.5188128068432604e-11,0.0001935098620699538,3
spin_dephasing,Spin dephasing,2.0,6.666666666666667,rates_b078dc36ac371a9a,3.0,XX,2,correlated,0.058377358883263265,0.002723344341301218,1
spin_dephasing,Spin dephasing,2.0,6.666666666666667,rates_b078dc36ac371a9a,3.0,XY,2,correlated,6.767598972833663e-09,0.0001890006049185091,2
spin_dephasing,Spin dephasing,2.0,6.666666666666667,rates_b078dc36ac371a9a,3.0,YX,2,correlated,5.55305541959274e-10,0.0001889966111474383,3
spin_dephasing,Spin dephasing,2.0,6.666666666666667,rates_b078dc36ac371a9a,3.0,XI,1,local,8.843216288985286e-09,0.0020339526431336517,1
spin_dephasing,Spin dephasing,2.0,6.666666666666667,rates_b078dc36ac371a9a,3.0,IX,1,local,-1.1401635505475662e-08,0.0020339500405911763,2
spin_dephasing,Spin dephasing,2.0,6.666666666666667,rates_b078dc36ac371a9a,3.0,ZI,1,local,-8.074630892215954e-10,0.0001890344550039381,3
spin_dephasing,Spin dephasing,2.0,6.666666666666667,rates_b078dc36ac371a9a,4.0,XX,2,correlated,0.07271087610480655,0.004293105061074443,1
spin_dephasing,Spin dephasing,2.0,6.666666666666667,rates_b078dc36ac371a9a,4.0,YX,2,correlated,5.3005627094554935e-09,0.0001861803404242259,2
spin_dephasing,Spin dephasing,2.0,6.666666666666667,rates_b078dc36ac371a9a,4.0,XY,2,correlated,6.777834758703105e-10,0.00018617592541197493,3
spin_dephasing,Spin dephasing,2.0,6.666666666666667,rates_b078dc36ac371a9a,4.0,XI,1,local,6.571890090682074e-09,0.002476192548270367,1
spin_dephasing,Spin dephasing,2.0,6.666666666666667,rates_b078dc36ac371a9a,4.0,IX,1,local,1.4306216256808482e-08,0.0024761904209594805,2
spin_dephasing,Spin dephasing,2.0,6.666666666666667,rates_b078dc36ac371a9a,4.0,ZI,1,local,6.049807923415214e-10,0.00018622237321494625,3
spin_dephasing,Spin dephasing,4.0,13.333333333333334,rates_2bd2b1433a45a59b,0.01,XY,2,correlated,-2.1827210588210135e-09,0.0003578845133032815,1
spin_dephasing,Spin dephasing,4.0,13.333333333333334,rates_2bd2b1433a45a59b,0.01,YX,2,correlated,-6.392444511402987e-09,0.0003578838239793476,2
spin_dephasing,Spin dephasing,4.0,13.333333333333334,rates_2bd2b1433a45a59b,0.01,XX,2,correlated,0.013736591616828163,0.00016385682897535276,3
spin_dephasing,Spin dephasing,4.0,13.333333333333334,rates_2bd2b1433a45a59b,0.01,XI,1,local,-7.479722889510705e-09,0.0005505665235984252,1
spin_dephasing,Spin dephasing,4.0,13.333333333333334,rates_2bd2b1433a45a59b,0.01,IX,1,local,-8.311239888850053e-09,0.0005505599828692915,2
spin_dephasing,Spin dephasing,4.0,13.333333333333334,rates_2bd2b1433a45a59b,0.01,ZI,1,local,2.33285819525784e-11,0.0003579082634957184,3
spin_dephasing,Spin dephasing,4.0,13.333333333333334,rates_2bd2b1433a45a59b,1.0,XX,2,correlated,0.02880639144359513,0.0006158863178390431,1
spin_dephasing,Spin dephasing,4.0,13.333333333333334,rates_2bd2b1433a45a59b,1.0,YX,2,correlated,3.4980178687415958e-09,0.0003065697272765543,2
spin_dephasing,Spin dephasing,4.0,13.333333333333334,rates_2bd2b1433a45a59b,1.0,XY,2,correlated,-5.712420563733575e-10,0.0003065696232301715,3
spin_dephasing,Spin dephasing,4.0,13.333333333333334,rates_2bd2b1433a45a59b,1.0,IX,1,local,6.855988051750129e-09,0.0010703963470648926,1
spin_dephasing,Spin dephasing,4.0,13.333333333333334,rates_2bd2b1433a45a59b,1.0,XI,1,local,7.862217862531122e-09,0.001070394279801765,2
spin_dephasing,Spin dephasing,4.0,13.333333333333334,rates_2bd2b1433a45a59b,1.0,IZ,1,local,-1.2412857916822282e-10,0.00030659344702012087,3
spin_dephasing,Spin dephasing,4.0,13.333333333333334,rates_2bd2b1433a45a59b,2.0,XX,2,correlated,0.04373997347962952,0.0014846961329606312,1
spin_dephasing,Spin dephasing,4.0,13.333333333333334,rates_2bd2b1433a45a59b,2.0,YX,2,correlated,-1.2131861966476974e-09,0.00029265814837777697,2
spin_dephasing,Spin dephasing,4.0,13.333333333333334,rates_2bd2b1433a45a59b,2.0,XY,2,correlated,-4.70345832190987e-09,0.0002926577514409045,3
spin_dephasing,Spin dephasing,4.0,13.333333333333334,rates_2bd2b1433a45a59b,2.0,IX,1,local,2.704008622531623e-08,0.0015666956605948825,1
spin_dephasing,Spin dephasing,4.0,13.333333333333334,rates_2bd2b1433a45a59b,2.0,XI,1,local,2.3316551886263995e-08,0.0015666920624183359,2
spin_dephasing,Spin dephasing,4.0,13.333333333333334,rates_2bd2b1433a45a59b,2.0,ZI,1,local,-4.0451385964574316e-10,0.00029270159900464507,3
spin_dephasing,Spin dephasing,4.0,13.333333333333334,rates_2bd2b1433a45a59b,3.0,XX,2,correlated,0.058377433650700646,0.0027233445385878865,1
spin_dephasing,Spin dephasing,4.0,13.333333333333334,rates_2bd2b1433a45a59b,3.0,XY,2,correlated,-1.2366248011968391e-08,0.0002857215220583241,2
spin_dephasing,Spin dephasing,4.0,13.333333333333334,rates_2bd2b1433a45a59b,3.0,YX,2,correlated,1.091229142449089e-08,0.0002857180069655754,3
spin_dephasing,Spin dephasing,4.0,13.333333333333334,rates_2bd2b1433a45a59b,3.0,IX,1,local,-1.2868197503841648e-08,0.0020339443785731747,1
spin_dephasing,Spin dephasing,4.0,13.333333333333334,rates_2bd2b1433a45a59b,3.0,XI,1,local,1.4405591679469523e-08,0.0020339246653396817,2
spin_dephasing,Spin dephasing,4.0,13.333333333333334,rates_2bd2b1433a45a59b,3.0,ZI,1,local,-9.650600734488355e-11,0.0002857618543992977,3
spin_dephasing,Spin dephasing,4.0,13.333333333333334,rates_2bd2b1433a45a59b,4.0,XX,2,correlated,0.07271099403838785,0.004293105522488873,1
spin_dephasing,Spin dephasing,4.0,13.333333333333334,rates_2bd2b1433a45a59b,4.0,YX,2,correlated,8.951273857382344e-09,0.0002813611279941996,2
spin_dephasing,Spin dephasing,4.0,13.333333333333334,rates_2bd2b1433a45a59b,4.0,XY,2,correlated,-1.4390838898317339e-08,0.00028135461113683807,3
spin_dephasing,Spin dephasing,4.0,13.333333333333334,rates_2bd2b1433a45a59b,4.0,IX,1,local,2.124006263143537e-09,0.0024761900335336126,1
spin_dephasing,Spin dephasing,4.0,13.333333333333334,rates_2bd2b1433a45a59b,4.0,XI,1,local,-1.2195491213875977e-08,0.002476174885471039,2
spin_dephasing,Spin dephasing,4.0,13.333333333333334,rates_2bd2b1433a45a59b,4.0,IZ,1,local,-4.399056819699886e-10,0.00028140612466743387,3
