n_bar,chi_XX_XX,chi_II_XX_real,chi_II_XX_imag,chi_II_XX_abs,data_source
0.01,0.000352629217828547,,,0.0137278481013,historical_qpt_and_heatmap_recovery
0.25,0.00053670476041418891,,,0.0174003759434,historical_qpt_and_heatmap_recovery
0.5,0.00078371242541216621,,,0.0211909448819,historical_qpt_and_heatmap_recovery
0.75,0.0010861769377392243,,,0.0249772944186,historical_qpt_and_heatmap_recovery
1,0.0014429192343300666,,,0.0287235146063,historical_qpt_and_heatmap_recovery
1.25,0.0018541507984831259,,,0.032456796431,historical_qpt_and_heatmap_recovery
1.5,0.0023160150473313557,,,0.0361441168466,historical_qpt_and_heatmap_recovery
1.75,0.0028239086306345376,,,0.0398216444317,historical_qpt_and_heatmap_recovery
2,0.0033820799163091406,,,0.0434618945964,historical_qpt_and_heatmap_recovery
2.25,0.0039889294434743748,,,0.0470785416157,historical_qpt_and_heatmap_recovery
2.5,0.0046419811779751562,,,0.0506621004566,historical_qpt_and_heatmap_recovery
2.75,0.0053404225930294615,,,0.0542237146435,historical_qpt_and_heatmap_recovery
3,0.0060829120174164027,,,0.057734375,historical_qpt_and_heatmap_recovery
3.25,0.0068682136242365372,,,0.0612430939227,historical_qpt_and_heatmap_recovery
3.5,0.0076951097355020251,,,0.064693604258,historical_qpt_and_heatmap_recovery
3.75,0.0085624237682810685,,,0.0681510539021,historical_qpt_and_heatmap_recovery
4,0.0094689379451864605,,,0.0715161290323,historical_qpt_and_heatmap_recovery
4.25,0.010413472014621243,,,0.0748986486486,historical_qpt_and_heatmap_recovery
4.5,0.011394874163099913,,,0.0782404565162,historical_qpt_and_heatmap_recovery
4.75,0.012412079128096326,,,0.0815593164905,historical_qpt_and_heatmap_recovery
5,0.01346387197414628,,,0.0848398745906,historical_qpt_and_heatmap_recovery
5.25,0.014549176886802368,,,0.0880838570917,historical_qpt_and_heatmap_recovery
5.5,0.015666904083981286,,,0.0913079547336,historical_qpt_and_heatmap_recovery
5.75,0.016816002590987856,,,0.0944660308503,historical_qpt_and_heatmap_recovery
6,0.017995428329338904,,,0.0976138950072,historical_qpt_and_heatmap_recovery
6.25,0.019204184663370871,,,0.100783410138,historical_qpt_and_heatmap_recovery
6.5,0.02044121826412135,,,0.103765751783,historical_qpt_and_heatmap_recovery
6.75,0.021705557800153756,,,0.106809583678,historical_qpt_and_heatmap_recovery
7,0.02299622519417328,,,0.109798994975,historical_qpt_and_heatmap_recovery
7.25,0.024312322033711534,,,0.112785256716,historical_qpt_and_heatmap_recovery
7.5,0.025652867563255802,,,0.115729380175,historical_qpt_and_heatmap_recovery
7.75,0.027016922382468275,,,0.118675696063,historical_qpt_and_heatmap_recovery
8,0.028403655362666806,,,0.121554693402,historical_qpt_and_heatmap_recovery
8.25,0.029812220542076103,,,0.124350920222,historical_qpt_and_heatmap_recovery
8.5,0.031241692955524914,,,0.127160965776,historical_qpt_and_heatmap_recovery
8.75,0.032691307805273198,,,0.129943433195,historical_qpt_and_heatmap_recovery
9,0.034160240745826548,,,0.132754491018,historical_qpt_and_heatmap_recovery
9.25,0.035647716974009473,,,0.135418790741,historical_qpt_and_heatmap_recovery
9.5,0.03715291575932133,,,0.138104092444,historical_qpt_and_heatmap_recovery
9.75,0.038675126563209455,,,0.140804322028,historical_qpt_and_heatmap_recovery
10,0.040213612676561879,,,0.143385138787,historical_qpt_and_heatmap_recovery
10.25,0.0417676230869891,,,0.145959498031,historical_qpt_and_heatmap_recovery
10.5,0.043336500442866202,,,0.148507129106,historical_qpt_and_heatmap_recovery
10.75,0.044919582012854953,,,0.151125484408,historical_qpt_and_heatmap_recovery
11,0.046516143107286176,,,0.153491000373,historical_qpt_and_heatmap_recovery
11.25,0.048125592773606451,,,0.155941010078,historical_qpt_and_heatmap_recovery
11.5,0.049747291956791471,,,0.158357142857,historical_qpt_and_heatmap_recovery
11.75,0.051380578156706325,,,0.160836612119,historical_qpt_and_heatmap_recovery
12,0.053024882884242008,,,0.163198322256,historical_qpt_and_heatmap_recovery
12.25,0.054679654991320173,,,0.165555358458,historical_qpt_and_heatmap_recovery
12.5,0.056344303941269137,,,0.167893267613,historical_qpt_and_heatmap_recovery
12.75,0.058018357821733466,,,0.17015387259,historical_qpt_and_heatmap_recovery
13,0.059701111458934635,,,0.172388053351,historical_qpt_and_heatmap_recovery
13.25,0.061392180952692506,,,0.174634042731,historical_qpt_and_heatmap_recovery
13.5,0.063090792428361034,,,0.176822164331,historical_qpt_and_heatmap_recovery
13.75,0.064796942960507115,,,0.179012950533,historical_qpt_and_heatmap_recovery
14,0.066509647039302511,,,0.181202902459,historical_qpt_and_heatmap_recovery
14.25,0.068228761716393777,,,0.18328371232,historical_qpt_and_heatmap_recovery
14.5,0.069953684276833572,,,0.185405565039,historical_qpt_and_heatmap_recovery
14.75,0.071684060422308959,,,0.187527332955,historical_qpt_and_heatmap_recovery
15,0.073419410670998511,,,0.189507933348,historical_qpt_and_heatmap_recovery
15.25,0.075159210613359687,,,0.191568488038,historical_qpt_and_heatmap_recovery
15.5,0.076903338230385282,,,0.193506589731,historical_qpt_and_heatmap_recovery
15.75,0.078651017446969951,,,0.195525444467,historical_qpt_and_heatmap_recovery
16,0.080402169945671023,,,0.197474934141,historical_qpt_and_heatmap_recovery
16.25,0.082156206337321527,,,0.199365942029,historical_qpt_and_heatmap_recovery
16.5,0.083912901550734442,,,0.201293363642,historical_qpt_and_heatmap_recovery
16.75,0.085671930051789594,,,0.203174045332,historical_qpt_and_heatmap_recovery
17,0.0874325833110568,,,0.205002204803,historical_qpt_and_heatmap_recovery
17.25,0.089195003432455539,,,0.206860902256,historical_qpt_and_heatmap_recovery
17.5,0.090958659469085199,,,0.20867040144,historical_qpt_and_heatmap_recovery
17.75,0.092723218850980893,,,0.210462827455,historical_qpt_and_heatmap_recovery
18,0.09448818239852376,,,0.212193011637,historical_qpt_and_heatmap_recovery
18.25,0.096253654023279303,,,0.21392985771,historical_qpt_and_heatmap_recovery
18.5,0.098019028996783553,,,0.21565839236,historical_qpt_and_heatmap_recovery
18.75,0.099783933938349278,,,0.217362301817,historical_qpt_and_heatmap_recovery
19,0.10154851698561385,,,0.219039642199,historical_qpt_and_heatmap_recovery
19.25,0.10331220880409712,,,0.220704555499,historical_qpt_and_heatmap_recovery
19.5,0.10507466100072478,,,0.222372595855,historical_qpt_and_heatmap_recovery
19.75,0.10683591396480531,,,0.223959670649,historical_qpt_and_heatmap_recovery
20,0.10859551755541084,,,0.225531427573,historical_qpt_and_heatmap_recovery
