rank,component,row_pauli,column_pauli,is_diagonal,max_abs_over_sweep,mean_abs_over_sweep
1,"II,II",II,II,True,0.9975668356157055,0.945622596042625
2,"II,XX",II,XX,False,0.22525060895307789,0.13488685336961853
3,"XX,XX",XX,XX,True,0.10859552019343237,0.04485162753739743
4,"IX,IX",IX,IX,True,0.006792169655995969,0.0042715826914048625
5,"XI,XI",XI,XI,True,0.006792168973977986,0.004271585207569443
6,"IX,XI",IX,XI,False,0.006767138119749754,0.004246555046392521
7,"IZ,IZ",IZ,IZ,True,0.00017422257354641343,0.00013599908200530994
8,"ZI,ZI",ZI,ZI,True,0.00017422213650430954,0.00013600027156234393
9,"YX,YX",YX,YX,True,0.00017421330668958987,0.00013592900410265885
10,"XY,XY",XY,XY,True,0.00017421254453190568,0.00013593048862598614
11,"IY,IY",IY,IY,True,0.00011499827262097449,0.00010966601160640668
12,"YI,YI",YI,YI,True,0.00011498733417527112,0.00010966907679365601
13,"ZX,ZX",ZX,ZX,True,0.00011472662732715134,0.00010958515877281777
14,"XZ,XZ",XZ,XZ,True,0.00011472444660972678,0.00010958792899382035
15,"IZ,XY",IZ,XY,False,8.396874976999118e-05,7.011903535317519e-05
16,"YX,ZI",YX,ZI,False,8.396796184201588e-05,7.011971155877006e-05
17,"YI,ZX",YI,ZX,False,7.881671685031064e-05,6.602601863111887e-05
18,"IY,XZ",IY,XZ,False,7.881094514597265e-05,6.60318964744886e-05
19,"ZZ,ZZ",ZZ,ZZ,True,2.9491379699431153e-07,6.862524206989685e-08
20,"YY,ZZ",YY,ZZ,False,2.9351196833184827e-07,5.007890183048229e-08
21,"ZI,ZX",ZI,ZX,False,2.618438588326452e-07,8.611784578018522e-08
22,"XI,XX",XI,XX,False,2.5933701835733453e-07,9.162556230569181e-08
23,"IZ,XZ",IZ,XZ,False,2.568292900428803e-07,8.830514061574552e-08
24,"IX,XX",IX,XX,False,2.556958904449221e-07,9.188777157359613e-08
25,"IY,XY",IY,XY,False,2.5517906226110947e-07,8.364543894776959e-08
26,"II,IX",II,IX,False,2.542757685903278e-07,9.013284901476118e-08
27,"II,XI",II,XI,False,2.534910591914878e-07,9.038679893470382e-08
28,"YI,YX",YI,YX,False,2.5236652942534626e-07,8.90682462863741e-08
29,"YY,YY",YY,YY,True,2.3804330811366665e-07,7.23920164845267e-08
30,"YI,ZI",YI,ZI,False,1.9796619162005066e-07,4.081037222094439e-08
31,"YY,ZY",YY,ZY,False,1.8849861892427604e-07,2.912161465665692e-08
32,"YZ,ZY",YZ,ZY,False,1.8669183540278375e-07,2.0101173747707208e-08
33,"IX,ZY",IX,ZY,False,1.824099370736995e-07,1.3534017849096961e-08
34,"XX,ZY",XX,ZY,False,1.8054075351030382e-07,1.369535510440379e-08
35,"IX,YY",IX,YY,False,1.8054075350125052e-07,1.3695355105571623e-08
36,"II,ZY",II,ZY,False,1.8033347513933806e-07,1.3893132263789457e-08
37,"IX,ZZ",IX,ZZ,False,1.8033347513467997e-07,1.389313226446262e-08
38,"II,YY",II,YY,False,1.7969972490112474e-07,1.3746377121801396e-08
39,"XX,ZZ",XX,ZZ,False,1.7969972489655775e-07,1.3746377120079547e-08
40,"XI,ZY",XI,ZY,False,1.772519700383799e-07,7.955519568828307e-09
41,"IX,YZ",IX,YZ,False,1.7725197002961643e-07,7.955519568575855e-09
42,"XX,YY",XX,YY,False,1.772471213065673e-07,1.4702239710695576e-08
43,"II,ZZ",II,ZZ,False,1.7722468956260499e-07,1.4138531223699076e-08
44,"II,YZ",II,YZ,False,1.753765650299617e-07,1.3266740266240419e-08
45,"XI,ZZ",XI,ZZ,False,1.753765650080064e-07,1.3266740264144657e-08
46,"XX,YZ",XX,YZ,False,1.7518587147977402e-07,1.3307906354832834e-08
47,"XI,YY",XI,YY,False,1.751858714777591e-07,1.3307906351440245e-08
48,"XI,YZ",XI,YZ,False,1.7206187358058392e-07,1.2966471201339812e-08
49,"IY,IZ",IY,IZ,False,1.6903211948579977e-07,4.227124462110826e-08
50,"YY,YZ",YY,YZ,False,1.6737635147439714e-07,3.0244827403307404e-08
51,"XX,ZX",XX,ZX,False,1.661118325768501e-07,1.9286215585481962e-08
52,"YX,ZX",YX,ZX,False,1.5823375870794726e-07,4.128700984421929e-08
53,"XI,ZI",XI,ZI,False,1.5465432289096943e-07,1.7734397997888585e-08
54,"XZ,ZZ",XZ,ZZ,False,1.5100643965928026e-07,2.6539486631318064e-08
55,"ZY,ZZ",ZY,ZZ,False,1.4933674893559296e-07,2.966869713332333e-08
56,"YZ,ZZ",YZ,ZZ,False,1.4621567225951935e-07,2.876314466569216e-08
57,"XY,XZ",XY,XZ,False,1.4474751395250133e-07,4.10916631602703e-08
58,"YZ,YZ",YZ,YZ,True,1.4470571209384192e-07,5.940409936413177e-08
59,"XY,ZY",XY,ZY,False,1.3957729365940995e-07,2.7565000630945187e-08
60,"ZI,ZY",ZI,ZY,False,1.2521631967571177e-07,2.5531715980265458e-08
61,"YX,YZ",YX,YZ,False,1.2483921784111874e-07,2.6071822312270243e-08
62,"II,YI",II,YI,False,1.229363774660755e-07,1.8236625970122024e-08
63,"ZY,ZY",ZY,ZY,True,1.2008246216062718e-07,5.5866715791701524e-08
64,"IY,ZZ",IY,ZZ,False,1.1898628028601551e-07,1.526995481383559e-08
65,"YI,YY",YI,YY,False,1.182331944339967e-07,2.6429080327103488e-08
66,"ZX,ZZ",ZX,ZZ,False,1.1785611307204118e-07,2.5495189357996273e-08
67,"XY,YY",XY,YY,False,1.1298109493199736e-07,1.6016520647643545e-08
68,"IX,YX",IX,YX,False,1.1159262317766868e-07,1.815472231835401e-08
69,"XI,XY",XI,XY,False,1.1143585800296415e-07,2.2894684588946213e-08
70,"IX,IZ",IX,IZ,False,1.1105888584225413e-07,2.2122125995931156e-08
71,"XI,YX",XI,YX,False,1.1019254506355123e-07,1.2231387274984798e-08
72,"XI,ZX",XI,ZX,False,1.0817693426295392e-07,1.2447738214528724e-08
73,"IY,YY",IY,YY,False,1.0798752738621803e-07,2.5896714801575212e-08
74,"IY,YZ",IY,YZ,False,1.0791193332568024e-07,1.219597607271587e-08
75,"II,ZX",II,ZX,False,1.0688304688389325e-07,1.2814207346707694e-08
76,"II,YX",II,YX,False,1.0593967025596523e-07,1.4783238048327697e-08
77,"YI,ZZ",YI,ZZ,False,1.0523899513396545e-07,1.5167618606111073e-08
78,"XY,ZZ",XY,ZZ,False,1.0486689715148744e-07,1.5026546631359665e-08
79,"II,IY",II,IY,False,1.0445449579124079e-07,2.141318395834018e-08
80,"XX,XZ",XX,XZ,False,1.0407755919811091e-07,2.2433883034688272e-08
81,"IX,XZ",IX,XZ,False,1.005437069464872e-07,1.3360268460953606e-08
82,"YI,ZY",YI,ZY,False,1.0025786799016234e-07,1.3258772991949786e-08
83,"XI,YI",XI,YI,False,9.966397441563159e-08,1.1632422328161526e-08
84,"IY,ZY",IY,ZY,False,9.963496451300993e-08,1.2051467525639123e-08
85,"IX,XY",IX,XY,False,9.827723445363014e-08,1.3857894175135831e-08
86,"XX,XY",XX,XY,False,9.693196148532014e-08,1.648001314675621e-08
87,"IZ,YZ",IZ,YZ,False,9.672086228789007e-08,2.607943532239916e-08
88,"XY,YZ",XY,YZ,False,9.66906203372738e-08,1.3563583598538418e-08
89,"YZ,ZI",YZ,ZI,False,9.598602660343299e-08,1.2658038995241563e-08
90,"YX,YY",YX,YY,False,9.500702868135134e-08,1.456526267521371e-08
91,"II,XZ",II,XZ,False,9.420358082805474e-08,1.2649505333451403e-08
92,"YI,YZ",YI,YZ,False,9.272951053260186e-08,1.1711058599793466e-08
93,"IX,IY",IX,IY,False,9.20440474909926e-08,1.0751226432883312e-08
94,"IZ,XX",IZ,XX,False,9.041419734185435e-08,1.2613353490177464e-08
95,"YY,ZI",YY,ZI,False,9.039942985707326e-08,1.2475943954039943e-08
96,"XX,YX",XX,YX,False,9.025807422515609e-08,1.5103745273665333e-08
97,"II,XY",II,XY,False,8.887165951692767e-08,1.45318738713108e-08
98,"II,ZI",II,ZI,False,8.756966173921935e-08,1.3784578485519896e-08
99,"YX,ZZ",YX,ZZ,False,8.731323355029754e-08,1.4326555522948398e-08
100,"XI,XZ",XI,XZ,False,8.64618513669777e-08,1.1651089055457101e-08
101,"YX,ZY",YX,ZY,False,8.609800509402058e-08,1.3271993298988647e-08
102,"IY,XX",IY,XX,False,8.574488567216622e-08,1.2745584661110286e-08
103,"IZ,XI",IZ,XI,False,8.573628823423311e-08,1.1737677614474334e-08
104,"ZX,ZY",ZX,ZY,False,8.522905919131286e-08,1.0763310766488404e-08
105,"ZI,ZZ",ZI,ZZ,False,8.266866708445001e-08,1.3116730758379335e-08
106,"IZ,ZY",IZ,ZY,False,8.259151399454254e-08,1.4362152237042538e-08
107,"II,IZ",II,IZ,False,8.12521927827391e-08,1.491312990116096e-08
108,"XZ,YZ",XZ,YZ,False,7.791276509365107e-08,1.2148909553334491e-08
109,"IX,ZI",IX,ZI,False,7.781686973936925e-08,1.2279606850094708e-08
110,"IX,ZX",IX,ZX,False,7.767205603846852e-08,1.254161955967883e-08
111,"IY,XI",IY,XI,False,7.747676344437514e-08,1.3215154940409149e-08
112,"YZ,ZX",YZ,ZX,False,7.729849104057653e-08,1.3190416456404212e-08
113,"YY,ZX",YY,ZX,False,7.580678128361887e-08,1.4153079012544955e-08
114,"XX,ZI",XX,ZI,False,7.412330784988017e-08,1.2489536806685311e-08
115,"XZ,YY",XZ,YY,False,7.393781254313807e-08,1.356128350544086e-08
116,"IZ,YY",IZ,YY,False,7.255703140184056e-08,1.2529365618878957e-08
117,"XX,YI",XX,YI,False,7.22983744357603e-08,1.1815099802837751e-08
118,"XZ,ZY",XZ,ZY,False,7.077632798813039e-08,1.3585897163734025e-08
119,"IX,YI",IX,YI,False,7.014556703939545e-08,1.3281538936687897e-08
120,"IZ,ZZ",IZ,ZZ,False,6.527379059704433e-08,1.4558759241044834e-08
121,"XZ,YI",XZ,YI,False,5.764128586921827e-08,1.0156228145736896e-08
122,"IY,ZX",IY,ZX,False,5.7640794671315605e-08,1.0156024734508167e-08
123,"IZ,ZI",IZ,ZI,False,5.358248253428678e-08,1.2420820129623291e-08
124,"XY,YX",XY,YX,False,5.358245349848524e-08,1.2420608444915462e-08
125,"IZ,YX",IZ,YX,False,5.2306423476684677e-08,1.0049443914915771e-08
126,"XY,ZI",XY,ZI,False,5.2306423473215415e-08,1.0049443913759872e-08
127,"IZ,YI",IZ,YI,False,4.9554002278601315e-08,1.1042356684653034e-08
128,"XZ,ZI",XZ,ZI,False,4.9554002266905934e-08,1.1042356683958185e-08
129,"IY,YX",IY,YX,False,4.955397324938724e-08,1.1042040320803973e-08
130,"XY,ZX",XY,ZX,False,4.9553973233112516e-08,1.1042040322004771e-08
131,"XY,YI",XY,YI,False,4.0107649686095795e-08,9.775320479590542e-09
132,"XZ,YX",XZ,YX,False,4.0107649683829976e-08,9.775320477280033e-09
133,"IY,ZI",IY,ZI,False,4.010718474102384e-08,9.775281761656467e-09
134,"IZ,ZX",IZ,ZX,False,4.0107184733804285e-08,9.775281756819477e-09
135,"XZ,ZX",XZ,ZX,False,1.8933806551907548e-08,3.872014240113795e-09
136,"IY,YI",IY,YI,False,1.893380654869559e-08,3.8720142398804166e-09
