condition_id,nbar,F_avg,infidelity,motional_heating_s^-1,motional_dephasing_s^-1,spin_dephasing_s^-1,photon_scattering_s^-1,is_all_noise_zero
rates_0e752ad71c6095d9,0.01,0.9981942132586266,0.0018057867413734385,40.0,0.0,0.0,0.0,False
rates_0e752ad71c6095d9,1.0,0.9971722160941908,0.002827783905809178,40.0,0.0,0.0,0.0,False
rates_0e752ad71c6095d9,2.0,0.995479686228465,0.004520313771534945,40.0,0.0,0.0,0.0,False
rates_0e752ad71c6095d9,3.0,0.9931868499290545,0.006813150070945517,40.0,0.0,0.0,0.0,False
rates_0e752ad71c6095d9,4.0,0.9903471341125399,0.00965286588746006,40.0,0.0,0.0,0.0,False
rates_15e2db7947d1c0fd,0.01,0.9977123752480533,0.0022876247519466597,40.0,18.0,0.0,0.0,False
rates_15e2db7947d1c0fd,1.0,0.9960383033872902,0.003961696612709842,40.0,18.0,0.0,0.0,False
rates_15e2db7947d1c0fd,2.0,0.9937250716038918,0.006274928396108215,40.0,18.0,0.0,0.0,False
rates_15e2db7947d1c0fd,3.0,0.9908506213735325,0.009149378626467475,40.0,18.0,0.0,0.0,False
rates_15e2db7947d1c0fd,4.0,0.9874689837509514,0.012531016249048621,40.0,18.0,0.0,0.0,False
rates_17830da3b3822d7d,0.01,0.9976332995773525,0.0023667004226475274,5.0,72.0,0.0,0.0,False
rates_17830da3b3822d7d,1.0,0.994004970219925,0.005995029780075045,5.0,72.0,0.0,0.0,False
rates_17830da3b3822d7d,2.0,0.9898597965522914,0.010140203447708607,5.0,72.0,0.0,0.0,False
rates_17830da3b3822d7d,3.0,0.9852923044807074,0.01470769551929263,5.0,72.0,0.0,0.0,False
rates_17830da3b3822d7d,4.0,0.98035289207603,0.019647107923969953,5.0,72.0,0.0,0.0,False
rates_2524745c632f6db4,0.01,0.9988784756756086,0.0011215243243913875,10.0,18.0,0.0,0.0,False
rates_2524745c632f6db4,1.0,0.99717884171076,0.002821158289240011,10.0,18.0,0.0,0.0,False
rates_2524745c632f6db4,2.0,0.9948400676119163,0.0051599323880836545,10.0,18.0,0.0,0.0,False
rates_2524745c632f6db4,3.0,0.9919401301640501,0.008059869835949862,10.0,18.0,0.0,0.0,False
rates_2524745c632f6db4,4.0,0.9885334510884896,0.011466548911510444,10.0,18.0,0.0,0.0,False
rates_32d7c04b5236f41d,0.01,0.9970507423483081,0.00294925765169185,20.0,72.0,0.0,0.0,False
rates_32d7c04b5236f41d,1.0,0.9934385022296894,0.006561497770310565,20.0,72.0,0.0,0.0,False
rates_32d7c04b5236f41d,2.0,0.9893090389037802,0.010690961096219809,20.0,72.0,0.0,0.0,False
rates_32d7c04b5236f41d,3.0,0.984756794177537,0.015243205822462969,20.0,72.0,0.0,0.0,False
rates_32d7c04b5236f41d,4.0,0.9798320577392989,0.020167942260701066,20.0,72.0,0.0,0.0,False
rates_370adf81f1b648c5,0.01,0.998730333160762,0.001269666839238015,20.0,9.0,0.0,0.0,False
rates_370adf81f1b648c5,1.0,0.9973651934585959,0.0026348065414041333,20.0,9.0,0.0,0.0,False
rates_370adf81f1b648c5,2.0,0.9953444968409115,0.00465550315908847,20.0,9.0,0.0,0.0,False
rates_370adf81f1b648c5,3.0,0.992742594254992,0.007257405745007994,20.0,9.0,0.0,0.0,False
rates_370adf81f1b648c5,4.0,0.9896135039261047,0.010386496073895302,20.0,9.0,0.0,0.0,False
rates_3f28f4785d99bb44,0.01,0.9980083069080541,0.001991693091945912,20.0,36.0,0.0,0.0,False
rates_3f28f4785d99bb44,1.0,0.9956702989305217,0.004329701069478276,20.0,36.0,0.0,0.0,False
rates_3f28f4785d99bb44,2.0,0.9927293764575914,0.007270623542408594,20.0,36.0,0.0,0.0,False
rates_3f28f4785d99bb44,3.0,0.9892701512509232,0.010729848749076787,20.0,36.0,0.0,0.0,False
rates_3f28f4785d99bb44,4.0,0.9853464802017609,0.014653519798239145,20.0,36.0,0.0,0.0,False
rates_3fa0e6fcd1bc3bb5,0.01,0.9984892903044494,0.0015107096955505606,20.0,18.0,0.0,0.0,False
rates_3fa0e6fcd1bc3bb5,1.0,0.9967981936027158,0.0032018063972841793,20.0,18.0,0.0,0.0,False
rates_3fa0e6fcd1bc3bb5,2.0,0.9944679386021154,0.005532061397884647,20.0,18.0,0.0,0.0,False
rates_3fa0e6fcd1bc3bb5,3.0,0.9915765310139207,0.008423468986079263,20.0,18.0,0.0,0.0,False
rates_3fa0e6fcd1bc3bb5,4.0,0.9881782319273711,0.011821768072628913,20.0,18.0,0.0,0.0,False
rates_4685856fe1f290d1,0.01,0.9962756991351359,0.003724300864864083,40.0,72.0,0.0,0.0,False
rates_4685856fe1f290d1,1.0,0.9926848452910763,0.007315154708923743,40.0,72.0,0.0,0.0,False
rates_4685856fe1f290d1,2.0,0.9885762354886193,0.011423764511380718,40.0,72.0,0.0,0.0,False
rates_4685856fe1f290d1,3.0,0.9840442558183916,0.01595574418160839,40.0,72.0,0.0,0.0,False
rates_4685856fe1f290d1,4.0,0.9791390839616125,0.020860916038387467,40.0,72.0,0.0,0.0,False
rates_4e8eb8555c2e82a0,0.01,0.9972320182038436,0.002767981796156449,40.0,36.0,0.0,0.0,False
rates_4e8eb8555c2e82a0,1.0,0.9949125055617177,0.0050874944382822695,40.0,36.0,0.0,0.0,False
rates_4e8eb8555c2e82a0,2.0,0.9919899109164071,0.008010089083592908,40.0,36.0,0.0,0.0,False
rates_4e8eb8555c2e82a0,3.0,0.9885487720848086,0.011451227915191375,40.0,36.0,0.0,0.0,False
rates_4e8eb8555c2e82a0,4.0,0.9846427639010148,0.015357236098985205,40.0,36.0,0.0,0.0,False
rates_590721c3770d8a77,0.01,0.9983971712348734,0.0016028287651266293,10.0,36.0,0.0,0.0,False
rates_590721c3770d8a77,1.0,0.9960499105138354,0.0039500894861645985,10.0,36.0,0.0,0.0,False
rates_590721c3770d8a77,2.0,0.9930997709568125,0.006900229043187545,10.0,36.0,0.0,0.0,False
rates_590721c3770d8a77,3.0,0.9896314843243912,0.010368515675608814,10.0,36.0,0.0,0.0,False
rates_590721c3770d8a77,4.0,0.9856989568670311,0.014301043132968871,10.0,36.0,0.0,0.0,False
rates_65e4c1ad12cf1435,0.01,0.9992681513910846,0.0007318486089153975,0.0,18.0,0.0,0.0,False
rates_65e4c1ad12cf1435,1.0,0.9975599629620342,0.002440037037965803,0.0,18.0,0.0,0.0,False
rates_65e4c1ad12cf1435,2.0,0.9952126013258369,0.0047873986741631125,0.0,18.0,0.0,0.0,False
rates_65e4c1ad12cf1435,3.0,0.9923041610134001,0.007695838986599868,0.0,18.0,0.0,0.0,False
rates_65e4c1ad12cf1435,4.0,0.9888891033794167,0.011110896620583288,0.0,18.0,0.0,0.0,False
rates_6d2ebea4f1e4f35a,0.01,0.9991196695921015,0.0008803304078984775,10.0,9.0,0.0,0.0,False
rates_6d2ebea4f1e4f35a,1.0,0.9977463667878432,0.0022536332121567693,10.0,9.0,0.0,0.0,False
rates_6d2ebea4f1e4f35a,2.0,0.9957174599605499,0.004282540039450056,10.0,9.0,0.0,0.0,False
rates_6d2ebea4f1e4f35a,3.0,0.9931073159631854,0.006892684036814645,10.0,9.0,0.0,0.0,False
rates_6d2ebea4f1e4f35a,4.0,0.9899701539550364,0.010029846044963597,10.0,9.0,0.0,0.0,False
rates_70251d48c79bc447,0.01,0.9995094909961214,0.000490509003878592,0.0,9.0,0.0,0.0,False
rates_70251d48c79bc447,1.0,0.998128025993462,0.0018719740065380464,0.0,9.0,0.0,0.0,False
rates_70251d48c79bc447,2.0,0.9960908837477913,0.003909116252208689,0.0,9.0,0.0,0.0,False
rates_70251d48c79bc447,3.0,0.9934725028927254,0.006527497107274627,0.0,9.0,0.0,0.0,False
rates_70251d48c79bc447,4.0,0.9903271976598063,0.009672802340193742,0.0,9.0,0.0,0.0,False
rates_7283b228c09abbcb,0.01,0.9997512358559154,0.0002487641440845,0.0,0.0,0.0,0.0,True
rates_7283b228c09abbcb,1.0,0.9986981211971412,0.0013018788028587,0.0,0.0,0.0,0.0,True
rates_7283b228c09abbcb,2.0,0.9969741070254264,0.0030258929745734,0.0,0.0,0.0,0.0,True
rates_7283b228c09abbcb,3.0,0.9946495746839944,0.0053504253160057,0.0,0.0,0.0,0.0,True
rates_7283b228c09abbcb,4.0,0.9917785629991532,0.0082214370008468,0.0,0.0,0.0,0.0,True
rates_7affb8fbc133d6bd,0.01,0.9993145272761368,0.0006854727238632119,5.0,9.0,0.0,0.0,False
rates_7affb8fbc133d6bd,1.0,0.9979371286902914,0.0020628713097086138,5.0,9.0,0.0,0.0,False
rates_7affb8fbc133d6bd,2.0,0.9959041364170587,0.004095863582941339,5.0,9.0,0.0,0.0,False
rates_7affb8fbc133d6bd,3.0,0.9932898374425315,0.00671016255746848,5.0,9.0,0.0,0.0,False
rates_7affb8fbc133d6bd,4.0,0.9901486092639571,0.009851390736042909,5.0,9.0,0.0,0.0,False
rates_7f1e3dd0f07550fa,0.01,0.9987865373138376,0.0012134626861624032,0.0,36.0,0.0,0.0,False
rates_7f1e3dd0f07550fa,1.0,0.9964299742270327,0.003570025772967278,0.0,36.0,0.0,0.0,False
rates_7f1e3dd0f07550fa,2.0,0.9934706263304172,0.006529373669582839,0.0,36.0,0.0,0.0,False
rates_7f1e3dd0f07550fa,3.0,0.9899932265837268,0.010006773416273207,0.0,36.0,0.0,0.0,False
rates_7f1e3dd0f07550fa,4.0,0.9860518592180523,0.013948140781947727,0.0,36.0,0.0,0.0,False
rates_8142d8384202664f,0.01,0.9974390023970369,0.002560997602963133,10.0,72.0,0.0,0.0,False
rates_8142d8384202664f,1.0,0.9938160240549199,0.0061839759450801335,10.0,72.0,0.0,0.0,False
rates_8142d8384202664f,2.0,0.9896761001883441,0.010323899811655934,10.0,72.0,0.0,0.0,False
rates_8142d8384202664f,3.0,0.9851137097823972,0.014886290217602793,10.0,72.0,0.0,0.0,False
rates_8142d8384202664f,4.0,0.9801791774364599,0.01982082256354012,10.0,72.0,0.0,0.0,False
rates_935232b07d52685d,0.01,0.999073228791015,0.0009267712089849889,5.0,18.0,0.0,0.0,False
rates_935232b07d52685d,1.0,0.9973693483754044,0.002630651624595637,5.0,18.0,0.0,0.0,False
rates_935232b07d52685d,2.0,0.9950262693562759,0.004973730643724084,5.0,18.0,0.0,0.0,False
rates_935232b07d52685d,3.0,0.992122067292432,0.00787793270756798,5.0,18.0,0.0,0.0,False
rates_935232b07d52685d,4.0,0.9887112258037721,0.011288774196227869,5.0,18.0,0.0,0.0,False
rates_95304e3098130ea3,0.01,0.9989717483760063,0.00102825162399367,20.0,0.0,0.0,0.0,False
rates_95304e3098130ea3,1.0,0.9979342195129828,0.0020657804870172214,20.0,0.0,0.0,0.0,False
rates_95304e3098130ea3,2.0,0.9962259667249416,0.0037740332750584304,20.0,0.0,0.0,0.0,False
rates_95304e3098130ea3,3.0,0.9939173452341867,0.006082654765813267,20.0,0.0,0.0,0.0,False
rates_95304e3098130ea3,4.0,0.9910620104211478,0.008937989578852168,20.0,0.0,0.0,0.0,False
rates_9cf49ad0d13c8639,0.01,0.9985917673620378,0.0014082326379621923,5.0,36.0,0.0,0.0,False
rates_9cf49ad0d13c8639,1.0,0.9962398687739512,0.0037601312260487907,5.0,36.0,0.0,0.0,False
rates_9cf49ad0d13c8639,2.0,0.9932851339229112,0.006714866077088821,5.0,36.0,0.0,0.0,False
rates_9cf49ad0d13c8639,3.0,0.9898123095341713,0.01018769046582868,5.0,36.0,0.0,0.0,False
rates_9cf49ad0d13c8639,4.0,0.9858753316399638,0.01412466836003623,5.0,36.0,0.0,0.0,False
rates_a8953962d6e58e19,0.01,0.9993612673539738,0.0006387326460262077,10.0,0.0,0.0,0.0,False
rates_a8953962d6e58e19,1.0,0.9983159369919357,0.0016840630080643404,10.0,0.0,0.0,0.0,False
rates_a8953962d6e58e19,2.0,0.996599815222045,0.0034001847779550065,10.0,0.0,0.0,0.0,False
rates_a8953962d6e58e19,3.0,0.9942832264971004,0.005716773502899564,10.0,0.0,0.0,0.0,False
rates_a8953962d6e58e19,4.0,0.991420072329027,0.008579927670973042,10.0,0.0,0.0,0.0,False
rates_ceb4eecb4eaacfc2,0.01,0.9979531128819126,0.002046887118087426,40.0,9.0,0.0,0.0,False
rates_ceb4eecb4eaacfc2,1.0,0.9966042325935206,0.0033957674064793997,40.0,9.0,0.0,0.0,False
rates_ceb4eecb4eaacfc2,2.0,0.9945999243720781,0.005400075627921885,40.0,9.0,0.0,0.0,False
rates_ceb4eecb4eaacfc2,3.0,0.9920143707056669,0.007985629294333108,40.0,9.0,0.0,0.0,False
rates_ceb4eecb4eaacfc2,4.0,0.9889014655033836,0.011098534496616352,40.0,9.0,0.0,0.0,False
rates_d40c9e1dbffac54a,0.01,0.999556172524066,0.00044382747593396665,5.0,0.0,0.0,0.0,False
rates_d40c9e1dbffac54a,1.0,0.9985069648844591,0.001493035115540886,5.0,0.0,0.0,0.0,False
rates_d40c9e1dbffac54a,2.0,0.9967869147189441,0.003213085281055905,5.0,0.0,0.0,0.0,False
rates_d40c9e1dbffac54a,3.0,0.9944663660535127,0.005533633946487315,5.0,0.0,0.0,0.0,False
rates_d40c9e1dbffac54a,4.0,0.9915992506553604,0.008400749344639635,5.0,0.0,0.0,0.0,False
rates_e627b957213b2032,0.01,0.997827722940426,0.0021722770595740126,0.0,72.0,0.0,0.0,False
rates_e627b957213b2032,1.0,0.9941940176929143,0.005805982307085733,0.0,72.0,0.0,0.0,False
rates_e627b957213b2032,2.0,0.990043596861393,0.009956403138607017,0.0,72.0,0.0,0.0,False
rates_e627b957213b2032,3.0,0.9854710212072945,0.014528978792705538,0.0,72.0,0.0,0.0,False
rates_e627b957213b2032,4.0,0.9805267050857868,0.019473294914213235,0.0,72.0,0.0,0.0,False
