noise_source,noise_title,nbar,rate_multiplier,rate_s^-1,response_frobenius_norm,full_generator_cosine_to_nominal,stochastic_shape_cosine_to_nominal,H_shape_cosine_to_nominal,S_shape_cosine_to_nominal,C_shape_cosine_to_nominal,A_shape_cosine_to_nominal,leading_stochastic_eigenvalue_per_gate,leading_axis_overlap_with_collective_X,collective_X_rayleigh_coefficient_per_gate,collective_X_fraction_of_positive_stochastic_trace,S_IX_per_gate,S_XI_per_gate,C_IX_XI_per_gate,C_IX_XI_over_local_X_mean,C_IZ_XY_over_IZ_XY_S_mean,C_IY_XZ_over_IY_XZ_S_mean,S_IX_over_S_XI,S_XX_per_gate,H_XX_rad_per_gate
motional_heating,Motional heating/diffusion,0.01,0.0,0.0,0.0,,,,,,,0.0,0.7071067811865475,0.0,,0.0,0.0,0.0,,,,,0.0,0.0
motional_heating,Motional heating/diffusion,0.01,0.5,5.0,0.0015424079832266075,0.9999999856656273,0.999999989670218,0.9999934608438014,0.9999999993020804,0.9999999865776967,0.3967980798992439,0.00024382660226102221,0.9999999978865681,0.00024382660123042674,0.9995992321173146,0.00012190847558260878,0.0001219182826446421,0.00012191322211680135,0.9999987122264575,0.547638283109882,0.2292009806189931,0.9999195603660043,7.338267205869074e-08,3.871217714531641e-06
motional_heating,Motional heating/diffusion,0.01,1.0,10.0,0.0030848172967324447,1.0,0.9999999999999999,0.9999999999999998,1.0,1.0,0.9999999999999999,0.0004876435614862609,0.9999999996592144,0.000487643561153936,0.9996372747466064,0.00024382013638907073,0.0002438235115462131,0.00024382173718629413,0.9999996440788343,2.432000118462852,1.098187013570571,0.9999861573762063,1.537738661627133e-07,7.740475843367532e-06
motional_heating,Motional heating/diffusion,0.01,2.0,20.0,0.006169546559878273,0.9999999984401189,0.999999999122299,0.9999986067218619,0.9999999998803452,0.999999998952454,0.7868684802517941,0.0009752666538434258,0.999999999743606,0.00097526665334335,0.9996538138301682,0.00048762345574616397,0.0004876439702901093,0.00048763294032521363,0.9999984154234985,-11.279707256002832,-1.98694658644916,0.9999579313080953,3.068861580476375e-07,1.5471533441575822e-05
motional_heating,Motional heating/diffusion,0.01,4.0,40.0,0.012338704366484236,0.9999999967368425,0.9999999983473767,0.9999972435433245,0.9999999998490334,0.9999999978787734,0.43761936685781205,0.0019504701206340346,0.9999999999272489,0.0019504701203502403,0.9996650063175146,0.000975235350424572,0.0009752345567071909,0.0009752351667843592,1.0000002186329324,-1.8657705366504769,1.0598614277321592,1.0000008138733145,6.002981445899907e-07,3.090303155123762e-05
motional_heating,Motional heating/diffusion,1.0,0.0,0.0,0.0,,,,,,,0.0,0.7071067811865475,0.0,,0.0,0.0,0.0,,,,,0.0,0.0
motional_heating,Motional heating/diffusion,1.0,0.5,5.0,0.0015129015299928457,0.9999999958743608,0.9999999978051554,0.9999986850714606,0.9999999997867903,0.999999997613154,0.5177296437233913,0.00023911735721406864,0.9999999996746967,0.00023911735705849606,0.9992132138865862,0.00011955809012808856,0.00011955970201651736,0.00011955846098619314,0.9999963609055946,-0.7201894610066124,1.0332769834588207,0.9999865181294231,1.7692522012480984e-07,3.991311184424646e-06
motional_heating,Motional heating/diffusion,1.0,1.0,10.0,0.00302575739839068,1.0,1.0,1.0,0.9999999999999999,1.0,1.0,0.00047822792993758474,0.9999999999179807,0.00047822792985913914,0.9992516116262757,0.0002391109552364588,0.00023911633312330367,0.00023911428567925802,1.0000026828221324,-1.4831796536908737,0.5020519572901817,0.9999775093287244,3.477346294133235e-07,7.963541275391414e-06
motional_heating,Motional heating/diffusion,1.0,2.0,20.0,0.0060514386983218805,0.9999999990145151,0.9999999992714209,0.9999992284277801,0.9999999998664733,0.9999999991619721,0.505566546721669,0.0009564335652175283,0.9999999999395817,0.0009564335651019874,0.999255807739578,0.0004782185399607637,0.00047821506149153684,0.00047821676437583726,0.999999923987796,-1.5812112840806307,1.5634049881527508,1.0000072738596228,6.93800600186252e-07,1.5923266581480564e-05
motional_heating,Motional heating/diffusion,1.0,4.0,40.0,0.012102463841960249,0.9999999987645697,0.9999999991294803,0.999999090713656,0.9999999998076411,0.9999999991829446,0.22731683648317738,0.0019128047735237881,0.9999999999905168,0.0019128047734875094,0.9992721053768809,0.0009564083383267654,0.0009563980610488184,0.0009564015737997178,0.9999982999972452,-2.6059346708824433,35.763833023339245,1.0000107458163767,1.363656338733329e-06,3.1856394223791e-05
motional_heating,Motional heating/diffusion,2.0,0.0,0.0,0.0,,,,,,,0.0,0.7071067811865475,0.0,,0.0,0.0,0.0,,,,,0.0,0.0
motional_heating,Motional heating/diffusion,2.0,0.5,5.0,0.0014839335635191838,0.999999985909423,0.9999999934787089,0.9999965270207888,0.9999999990484427,0.9999999931606386,0.5703012661195246,0.00023448491960452887,0.9999999985130947,0.00023448491890750838,0.9986908081191987,0.0001172412626132232,0.00011724388327414598,0.00011724234596382385,0.9999980640150157,-1.1081025478022646,1.121800271029635,0.9999776477812778,2.822476713879405e-07,4.220570892238088e-06
motional_heating,Motional heating/diffusion,2.0,1.0,10.0,0.0029678772048247907,1.0,1.0,1.0,1.0000000000000002,0.9999999999999999,1.0,0.0004689713218593801,0.9999999992824273,0.00046897132118650973,0.9986816007546832,0.00023447857710676918,0.00023449272748801638,0.00023448566888911704,1.0000000707579508,-0.6866967860363797,1.0499429556579596,0.9999396553513673,5.804510459334227e-07,8.403015461660305e-06
motional_heating,Motional heating/diffusion,2.0,2.0,20.0,0.005935626699950242,0.999999992520457,0.9999999950285958,0.999996540023623,0.9999999992888722,0.9999999949246863,0.31068079168836793,0.0009379321118789905,0.9999999998352259,0.0009379321115699209,0.9987613772938401,0.0004689599400087639,0.0004689728305056186,0.00046896572631272986,0.9999985949004404,0.1448827780774485,1.0861461050324244,0.9999725133397582,1.1342603889056817e-06,1.686699026231912e-05
motional_heating,Motional heating/diffusion,2.0,4.0,40.0,0.011870871101552865,0.999999992745351,0.9999999943852091,0.9999969882503472,0.9999999995282773,0.9999999937676596,0.5478146575840442,0.001875793459199194,0.9999999999762217,0.0018757934591100028,0.9987702616540566,0.0009378898228944576,0.0009379034404480336,0.0009378968274387574,1.000000208730371,-1.0016278027650978,0.9332960403985995,0.9999854808576354,2.282699068447338e-06,3.373163074450388e-05
motional_heating,Motional heating/diffusion,3.0,0.0,0.0,0.0,,,,,,,0.0,0.7071067811865475,0.0,,0.0,0.0,0.0,,,,,0.0,0.0
motional_heating,Motional heating/diffusion,3.0,0.5,5.0,0.00145563557253197,0.9999998082085239,0.9999997997407784,0.9999293793094975,0.9999999902771255,0.999999761514072,0.08712360043934414,0.00022995587454555482,0.9999999674583235,0.0002299558595828642,0.9980981196771803,0.00011499083043179579,0.00011496430815605362,0.00011497829028893954,1.0000062707449746,0.7515557490011826,-0.006909922800633854,1.0002307000856838,3.419744215843457e-07,4.5366585572133985e-06
motional_heating,Motional heating/diffusion,3.0,1.0,10.0,0.002911295411036848,1.0,1.0,1.0,1.0,1.0,1.0,0.0004599351284020589,0.9999999973053052,0.00045993512592334713,0.9982058414367327,0.00022996813472667956,0.00022998105812318392,0.00022996052949841546,0.9999388326939803,1.016799192444458,-0.8498596159525476,0.9999438066916909,7.223973164401252e-07,9.11498462689928e-06
motional_heating,Motional heating/diffusion,3.0,2.0,20.0,0.005822572593154564,0.9999999634361622,0.9999999663469783,0.999982966194586,0.9999999961539524,0.9999999662211684,-0.05003342698910321,0.0009198607016421916,0.9999999993275563,0.0009198607004052206,0.9982833456609551,0.00045995325261467596,0.0004599091386629342,0.0004599295047664157,0.9999963236405676,0.5664559405371258,1.0023755223696342,1.000095918841426,1.5028622865559266e-06,1.8191791415391418e-05
motional_heating,Motional heating/diffusion,3.0,4.0,40.0,0.011644696942171379,0.9999999638902217,0.9999999669966283,0.999980927233963,0.9999999968072918,0.9999999675663838,-0.024643522285718436,0.0018396587991941192,0.9999999998737154,0.0018396587987296073,0.9983027929537391,0.0009198216277438364,0.0009198415531519948,0.0009198272082816921,0.9999952359037577,0.7840135976484459,1.0654660492250954,0.9999783382169569,3.0258227716379763e-06,3.633337089347168e-05
motional_heating,Motional heating/diffusion,4.0,0.0,0.0,0.0,,,,,,,0.0,0.7071067811865475,0.0,,0.0,0.0,0.0,,,,,0.0,0.0
motional_heating,Motional heating/diffusion,4.0,0.5,5.0,0.0014281846032500143,0.9999999559226255,0.9999999728206576,0.9999829256949773,0.9999999974115292,0.9999999695458522,0.6541604834679762,0.00022557369845637554,0.9999999926445912,0.0002255736951384616,0.9975654029388882,0.00011278333629689969,0.00011279626163274568,0.00011278389617363894,0.9999476655580742,-0.07282715763812372,-2.876713426441988,0.9998854098916143,4.996049914479587e-07,4.940634549631741e-06
motional_heating,Motional heating/diffusion,4.0,1.0,10.0,0.0028564455667475213,1.0,1.0000000000000002,1.0000000000000002,1.0,0.9999999999999999,1.0,0.0004511549009698661,0.9999999988492871,0.00045115489993158265,0.9976975472111707,0.00022557499131858248,0.00022558000396420545,0.0002255774022901888,0.9999995773017869,-1.0078912673355656,-1.2249598944690159,0.9999777788565702,1.0241292651211077e-06,9.901173078002977e-06
motional_heating,Motional heating/diffusion,4.0,2.0,20.0,0.0057127997667354305,0.9999999882684988,0.9999999926414995,0.9999955751156924,0.9999999992386884,0.9999999909959271,0.35937312130668614,0.0009022754206616163,0.9999999984464427,0.0009022754178582243,0.9976848992958046,0.00045115348108686526,0.0004511257928337777,0.0004511357808979029,0.999991452618873,-0.07592332466736408,0.3487817035597333,1.0000613759034118,2.0324645761636957e-06,1.981235566682511e-05
motional_heating,Motional heating/diffusion,4.0,4.0,40.0,0.011425166137397712,0.9999999897266781,0.9999999938182307,0.9999977877242567,0.9999999996058033,0.9999999916543784,0.25714698571982714,0.0018044945366225947,0.9999999999531257,0.001804494536453483,0.9977296079461854,0.0009022516660434095,0.0009022436089422768,0.0009022468989606403,0.9999991814528826,-1.5104196461426642,-28.50998447351289,1.0000089300728239,4.078414492351978e-06,3.965948324817676e-05
motional_dephasing,Motional dephasing,0.01,0.0,0.0,0.0,,,,,,,0.0,0.7071067811865475,0.0,,0.0,0.0,0.0,,,,,0.0,0.0
motional_dephasing,Motional dephasing,0.01,0.5,9.0,0.0016583206733549202,0.9999999478763704,0.999999977296604,0.9999969646140271,0.9999999927283679,0.9999999913672187,0.3063675348018555,0.00022184388317768983,0.9999999976584786,0.00022184388220812036,0.7332980580489311,0.00011092697162886611,0.00011091659801055304,0.0001109220973884108,1.000002817919868,-0.38200704489103243,-1.5850415196846297,1.000093526293622,8.06608974902941e-05,-4.189072027262121e-06
motional_dephasing,Motional dephasing,0.01,1.0,18.0,0.003314867337826044,1.0,1.0,0.9999999999999998,1.0000000000000002,1.0,1.0,0.00044340601974533246,0.9999999990641895,0.0004434060189174233,0.7332084401003262,0.00022170394046858497,0.00022170242619642217,0.00022170283558491986,0.9999984314723024,2.3400620449724414,3.157333105855966,1.0000068302011338,0.00016131211799942218,-8.215065135471236e-06
motional_dephasing,Motional dephasing,0.01,2.0,36.0,0.006622583804674527,0.9999998652673788,0.9999999323668821,0.9999988926984131,0.999999973752358,0.999999994947752,0.6127688182223445,0.000885698639183627,0.9999999999727719,0.0008856986391354885,0.7330124829079881,0.000442849519645295,0.0004428512651231284,0.000442848246751277,0.9999951549485524,0.5955983974307296,0.06612051425582663,0.9999960585461285,0.000322578921792383,-1.5872102902819617e-05
motional_dephasing,Motional dephasing,0.01,4.0,72.0,0.01321657567487982,0.9999987414581691,0.9999994583102723,0.9999992327328718,0.9999997780578346,0.9999999962770698,0.5072428381248062,0.0017669091131927836,0.9999999998239385,0.0017669091126275437,0.7325986943511095,0.0008834519292024274,0.0008834579644934127,0.0008834541657796241,0.9999991158934604,0.21632763977515912,-31.699578756220276,0.9999931685589718,0.0006448845737282995,-2.9396219523342532e-05
motional_dephasing,Motional dephasing,1.0,0.0,0.0,0.0,,,,,,,0.0,0.7071067811865475,0.0,,0.0,0.0,0.0,,,,,0.0,0.0
motional_dephasing,Motional dephasing,1.0,0.5,9.0,0.004253768409439644,0.999999886119285,0.9999998187854856,0.9999997422134314,0.9999998825264931,0.9999999988734622,0.27636464688285317,0.0006384562354145809,0.9999999999499959,0.0006384562353507366,0.8917122527496578,0.0003192255897554591,0.00031923057880164603,0.00031922815107218413,1.0000002092348226,-2.7759090713124714,-1.1817555208390333,0.9999843716532243,7.74946374621692e-05,-2.0658935188108595e-05
motional_dephasing,Motional dephasing,1.0,1.0,18.0,0.008496527414158904,1.0,0.9999999999999999,0.9999999999999999,1.0000000000000002,1.0000000000000002,1.0000000000000002,0.0012749252566766783,0.9999999999318057,0.0012749252565073216,0.891251648182408,0.0006374590041953159,0.0006374656525959823,0.0006374629281116726,1.0000009407866108,-2.6632904885056665,1.989790206730776,0.99998957057429,0.00015552512451406112,-4.098815962873692e-05
motional_dephasing,Motional dephasing,1.0,2.0,36.0,0.016949181884526873,0.9999995565321161,0.9999993015086541,0.9999999541510877,0.999999544716668,0.999999999617999,0.5312182154990144,0.0025419339580432174,0.9999999999950152,0.002541933958017951,0.8903124841829657,0.0012709669362490762,0.0012709666699823085,0.0012709671549022594,1.0000002767865896,-2.5346045390330345,2.9343366923323626,1.0000002094994103,0.00031313345291397406,-8.063186264061199e-05
motional_dephasing,Motional dephasing,1.0,4.0,72.0,0.03372461165624643,0.9999960644338866,0.9999938127941946,0.9999999601099632,0.9999959698950025,0.9999999996942116,0.7087976234564786,0.00505252373701389,0.9999999999943233,0.005052523736956831,0.8884412158510917,0.00252625533613149,0.0025262681840547327,0.0025262619768637207,1.000000085806868,-3.2436419141493587,0.8631187145914796,0.9999949142678819,0.0006343907882023789,-0.00015595874157147725
motional_dephasing,Motional dephasing,2.0,0.0,0.0,0.0,,,,,,,0.0,0.7071067811865475,0.0,,0.0,0.0,0.0,,,,,0.0,0.0
motional_dephasing,Motional dephasing,2.0,0.5,9.0,0.006786993957232444,0.9999997486443367,0.9999995773879815,0.9999999083788566,0.9999996884840575,0.9999999984698351,0.3797678046713475,0.0010412622629121908,0.9999999998295936,0.0010412622625595091,0.9339908064578479,0.0005206173491049447,0.0005206453332687753,0.0005206309213726493,0.9999991936439905,-0.9694211574710027,0.7924679830031067,0.9999462510042011,7.355116296179961e-05,-4.681073743943979e-05
motional_dephasing,Motional dephasing,2.0,1.0,18.0,0.013546885499408384,0.9999999999999999,1.0,1.0,0.9999999999999999,1.0000000000000002,1.0,0.002077553934599231,0.9999999998906866,0.0020775539341513953,0.9332029927499451,0.001038768589086446,0.001038785241768517,0.0010387770187239142,1.0000000994404392,-1.8900918887897662,0.9553803412555675,0.9999839690809983,0.000148668105739339,-9.310828112925933e-05
motional_dephasing,Motional dephasing,2.0,2.0,36.0,0.02698630790007174,0.9999989918206772,0.9999983242027346,0.9999999696468175,0.9999987663601638,0.9999999994550082,0.553045345911262,0.004135406801895181,0.9999999999920628,0.004135406801829683,0.9316127296610532,0.0020676891737472893,0.002067717719777331,0.0020677033550673737,0.9999999556537295,-0.5066119854770995,1.198506469228075,0.9999861944259758,0.0003035361100070808,-0.0001839491886278122
motional_dephasing,Motional dephasing,2.0,4.0,72.0,0.05354960185936898,0.9999911083413542,0.9999851816777661,0.9999999574207523,0.9999891263246709,0.9999999993743138,0.44982751959594897,0.008193305950937584,0.9999999999994702,0.008193305950928903,0.9284745284087795,0.004096645999010851,0.004096659821103309,0.0040966530408718255,1.0000000319321036,-1.7728410721526762,0.8357467911225628,0.9999966260092217,0.0006311560873849957,-0.0003591973845669029
motional_dephasing,Motional dephasing,3.0,0.0,0.0,0.0,,,,,,,0.0,0.7071067811865475,0.0,,0.0,0.0,0.0,,,,,0.0,0.0
motional_dephasing,Motional dephasing,3.0,0.5,9.0,0.00921566099700697,0.9999995764039136,0.9999992762503218,0.9999996012488752,0.9999994460396052,0.999999992582608,-0.005494267314235683,0.0014269536205174405,0.9999999991788578,0.0014269536182277866,0.9542375989963922,0.00071344531836378,0.0007135178795184076,0.000713472019286693,0.9999865733686545,-0.0174800269517146,0.9197541215813145,0.9998983050646515,6.827583190493274e-05,-8.068772479607413e-05
motional_dephasing,Motional dephasing,3.0,1.0,18.0,0.018382917974553496,0.9999999999999999,0.9999999999999998,1.0,1.0,0.9999999999999998,1.0,0.0028450499167216163,0.999999999977024,0.0028450499165911087,0.953221532585549,0.0014225386881565579,0.001422510797497134,0.0014225251737642634,1.0000003029384337,-0.4070121874042317,-0.08414278573181143,1.0000196066416318,0.00013954491265465513,-0.00016063831638847122
motional_dephasing,Motional dephasing,3.0,2.0,36.0,0.03657464815603356,0.9999982966482697,0.9999971506008564,0.9999999931327096,0.9999977845437094,0.9999999997796485,0.3185503859758562,0.005654892875808186,0.9999999999791029,0.005654892875575105,0.9510660779062773,0.002827451815375224,0.002827440772636129,0.00282744658156943,1.0000001017044087,-1.4137205547448826,0.6678197528753773,1.0000039055598269,0.0002908960424356593,-0.0003180933697625905
motional_dephasing,Motional dephasing,3.0,4.0,72.0,0.0724012130693314,0.9999849410436145,0.9999748161559637,0.9999999969740118,0.9999804961934257,0.9999999998842901,0.49978543668201614,0.011171989485229655,0.9999999999972784,0.011171989485169096,0.946812083791624,0.0055860145920472,0.005585976054646877,0.0055859941618220605,0.9999997920648138,-1.889002226266011,0.901977879940642,1.0000068989555175,0.0006274748763772588,-0.0006235837156915715
motional_dephasing,Motional dephasing,4.0,0.0,0.0,0.0,,,,,,,0.0,0.7071067811865475,0.0,,0.0,0.0,0.0,,,,,0.0,0.0
motional_dephasing,Motional dephasing,4.0,0.5,9.0,0.011539836893212505,0.9999993722812137,0.999998978919659,0.999999985916219,0.9999991675986011,0.9999999988635351,0.22404726260328806,0.0017961195395797586,0.9999999999359427,0.0017961195393496501,0.9668524930107105,0.0008980650501832375,0.0008980551259914785,0.0008980594512622923,0.9999992908881331,0.5077304161501041,-1.7557692254040274,1.0000110507601057,6.155701024631239e-05,-0.00012078285838174743
motional_dephasing,Motional dephasing,4.0,1.0,18.0,0.02300645190580616,0.9999999999999998,0.9999999999999999,1.0,0.9999999999999998,1.0000000000000002,0.9999999999999998,0.0035787028171725744,0.9999999999309561,0.0035787028166793665,0.96550365175287,0.001789360518638585,0.0017893514822535195,0.0017893468162333147,0.9999948673082745,-1.3422430626671251,-0.3074730492862035,1.0000050500894626,0.00012776855862290323,-0.0002404445652213621
motional_dephasing,Motional dephasing,4.0,2.0,36.0,0.045723884511019115,0.9999975167148863,0.9999958816544444,0.9999999786315936,0.9999966856644517,0.9999999995043081,-0.029920348360713667,0.007104046108084477,0.9999999999974716,0.007104046108048848,0.9628515027539173,0.0035520224778060987,0.0035520245512515947,0.0035520225935200024,0.999999740708686,-1.8340614144932579,-31.95189786966397,0.9999994162637487,0.00027404770381504826,-0.00047657524080829846
motional_dephasing,Motional dephasing,4.0,4.0,72.0,0.09032119004398202,0.9999781435335007,0.9999636977807852,0.9999999801214056,0.9999709574852061,0.9999999995728905,0.4467489982303828,0.014000120775557765,0.999999999997544,0.01400012077548945,0.9576338159773968,0.007000066383990542,0.007000057844431708,0.007000058661278327,0.9999995067282631,-0.46772430264539705,0.7363033627313461,1.0000012199268953,0.000619322729835482,-0.0009360141361567686
spin_dephasing,Spin dephasing,0.01,0.0,0.0,0.0,,,,,,,0.0,0.7071067811865475,0.0,,0.0,0.0,0.0,,,,,0.0,0.0
spin_dephasing,Spin dephasing,0.01,0.5,1.6666666666666667,0.0007222919150950581,0.9999999041756767,0.9999997144942463,0.10717117611795651,0.999999995726221,0.9999975765401214,0.27113077989489065,4.095289130906574e-05,0.00014079414813907836,8.988726028480263e-09,5.393229298522069e-05,-4.701851676489825e-10,7.824761140244607e-09,5.311438042182452e-09,1.4443900129589402,0.3401323213100591,-0.5913134264431209,-0.06008939560221313,9.75200088818249e-09,-1.4542689405094126e-10
spin_dephasing,Spin dephasing,0.01,1.0,3.3333333333333335,0.0014446139576511968,0.9999999999999998,0.9999999999999998,1.0,0.9999999999999998,1.0,1.0,8.191850772804446e-05,6.025802596128716e-05,9.320472518052395e-09,2.79612875647771e-05,-1.5159520625772686e-09,7.98221245159903e-09,6.087342323541516e-09,1.8828014825621429,0.3401292406808532,-0.5922477578244028,-0.18991627594096255,4.807056182119405e-09,7.868394060439058e-09
spin_dephasing,Spin dephasing,0.01,2.0,6.666666666666667,0.0028892784838443356,0.9999999773959815,0.9999999384563576,0.6095889006494719,0.9999999995721657,0.9999994798725552,0.6175677066535104,0.00016380598666481807,3.6541725589763696e-05,4.5419631909770395e-09,6.812839982913179e-06,-4.990255007654497e-09,1.894550629821367e-09,6.089815379893605e-09,-3.9343649371043847,0.3399037770885942,-0.5921824706395336,-2.6340045650429604,7.1619640532175944e-09,1.993595035929166e-08
spin_dephasing,Spin dephasing,0.01,4.0,13.333333333333334,0.005778548142671376,0.9999999608300076,0.9999998838779118,0.422902455148611,0.9999999982299147,0.9999991016712317,0.17652572047715306,0.00032760252653970666,4.526465563423602e-06,-1.5486059596594712e-08,-1.1614293548539232e-05,-1.7584257952643146e-08,-2.5792805879120122e-08,6.202472319286917e-09,-0.2859793527447147,0.33987577953307746,-0.5920369063998918,0.6817504863586017,1.5882111964208244e-08,9.124124522564585e-08
spin_dephasing,Spin dephasing,1.0,0.0,0.0,0.0,,,,,,,0.0,0.7071067811865475,0.0,,0.0,0.0,0.0,,,,,0.0,0.0
spin_dephasing,Spin dephasing,1.0,0.5,1.6666666666666667,0.0007166101649924063,0.9999998178605165,0.9999994192986061,0.08549975165820453,0.9999999858993097,0.999996249107692,0.046515929392857445,3.5272151609856814e-05,0.00013246154442405627,7.0821812967007166e-09,4.2490909134894545e-05,-2.269256047855066e-09,7.46150101115154e-09,4.48605881505248e-09,1.7279842714525366,0.3558832379796038,-0.545141491437968,-0.30412862565636106,2.07035266776136e-08,1.840422332329159e-09
spin_dephasing,Spin dephasing,1.0,1.0,3.3333333333333335,0.0014331864068157418,1.0,1.0,1.0,1.0,1.0,1.0000000000000002,7.053162538187396e-05,3.0413410807484006e-05,5.2956166036741825e-09,1.5887024263744848e-05,3.95179166682967e-09,2.903574884989394e-09,1.8679333277646514e-09,0.5449550548887856,0.3556687987269347,-0.5449131900581233,1.3610090400145145,1.052716673212003e-08,-1.3812577383778737e-10
spin_dephasing,Spin dephasing,1.0,2.0,6.666666666666667,0.0028664573328216637,0.9999999585618472,0.9999998760519718,0.03207572190795621,0.999999998958067,0.9999991296667318,0.5107355909326233,0.0001410720277988035,1.622065755334604e-05,4.097422711592101e-09,6.146047336642049e-06,-6.974125454453661e-09,5.13468539910212e-09,5.017142739267872e-09,-5.455076097393162,0.35568088621710636,-0.5451220405770364,-1.3582381221784678,1.2004767346625452e-08,1.430658257443865e-08
spin_dephasing,Spin dephasing,1.0,4.0,13.333333333333334,0.005732921862990578,0.9999999548402326,0.9999998667616998,0.03720777536122417,0.9999999988114217,0.9999990741069295,0.5511715189215171,0.00028214741360507527,1.463922740273423e-05,-1.199399955708064e-08,-8.995382931274278e-06,-1.4402640930162949e-08,-1.878334812285777e-08,4.598994969429719e-09,-0.2771648578610677,0.3556203788990814,-0.545191955192971,0.766777085531207,1.5599069013003033e-08,6.390501732651111e-08
spin_dephasing,Spin dephasing,2.0,0.0,0.0,0.0,,,,,,,0.0,0.7071067811865475,0.0,,0.0,0.0,0.0,,,,,0.0,0.0
spin_dephasing,Spin dephasing,2.0,0.5,1.6666666666666667,0.0007161272744310612,0.9999997923042176,0.9999992215481913,0.1453195411839932,0.9999999876351703,0.9999955155587917,0.731718792363936,3.431494339652499e-05,2.351258721383605e-05,1.8868571421454862e-08,0.0001132221527299816,5.3269544538782874e-09,1.258290229259029e-08,9.913643048220577e-09,1.107060004840667,0.38430650429399976,-0.53551379502285,0.4233486305472767,3.34574808775868e-08,-5.847901578779332e-09
spin_dephasing,Spin dephasing,2.0,1.0,3.3333333333333335,0.0014324075292731016,1.0,1.0000000000000002,0.9999999999999999,1.0,1.0,1.0,6.865134079398238e-05,0.00016890599766589633,1.538178708178341e-08,4.614757778633788e-05,5.728391782820199e-09,8.843662486270618e-09,8.095759947238005e-09,1.1111350256785886,0.3851251383350592,-0.5358319511541959,0.6477397562054483,3.492448594378874e-08,1.79565568145552e-10
spin_dephasing,Spin dephasing,2.0,2.0,6.666666666666667,0.002865033615842091,0.9999999262937433,0.9999997566880662,0.16424086186834438,0.9999999970918749,0.9999987784501231,0.7541336377007198,0.00013734355324203422,1.8786296984312183e-05,1.6893875837698163e-08,2.5340813098907677e-05,-4.123854059246584e-09,1.650380194441833e-08,1.0703901895112294e-08,1.7292321412649951,0.3854676772170265,-0.5363359205734741,-0.24987297309643808,3.891845133157854e-08,1.6587849459469896e-08
spin_dephasing,Spin dephasing,2.0,4.0,13.333333333333334,0.005730121280206316,0.9999998893311136,0.9999996752640764,0.025945442941366397,0.9999999920607884,0.9999986689752833,0.5027879982713072,0.00027472363332095123,1.7010121631237103e-05,5.870855111834085e-09,4.403208880054603e-06,-1.0778015516860716e-08,-3.2451972680543496e-10,1.1422122733667162e-08,-2.05757018248302,0.3856666568767218,-0.5364554554545492,33.21220445659579,1.945975706786683e-08,5.7247763932996413e-08
spin_dephasing,Spin dephasing,3.0,0.0,0.0,0.0,,,,,,,0.0,0.7071067811865475,0.0,,0.0,0.0,0.0,,,,,0.0,0.0
spin_dephasing,Spin dephasing,3.0,0.5,1.6666666666666667,0.0007164180290725833,0.9999998538264725,0.9999994624703616,0.820972322674014,0.9999999907737548,0.9999970348890026,0.8056429508028264,3.414345398987673e-05,3.261526740450682e-05,1.9169878194698576e-08,0.00011503344806310189,7.418913760185412e-09,8.894648842658123e-09,1.1013096893276812e-08,1.3501768021360552,0.4132660614509233,-0.5412916993475503,0.8340873137795854,2.4949966841056022e-08,2.1494776173380262e-08
spin_dephasing,Spin dephasing,3.0,1.0,3.3333333333333335,0.0014330040455925643,1.0,0.9999999999999998,1.0000000000000002,1.0,0.9999999999999999,1.0,6.828730707599139e-05,2.6981233696594704e-05,2.093337323983323e-08,6.280225413518859e-05,1.6536499851605357e-10,1.2861510937108809e-08,1.4419935272020801e-08,2.213874660859602,0.4129962358665881,-0.540777996176702,0.012857353955119883,1.360701523859891e-08,2.8931660088495377e-08
spin_dephasing,Spin dephasing,3.0,2.0,6.666666666666667,0.0028662031917513105,0.9999998735714499,0.9999994878031906,0.7527600564149024,0.9999999929765563,0.9999972181782656,0.6048638174574698,0.00013655335875881785,0.00015554939569422898,1.5933584178858162e-08,2.3900312082498446e-05,8.577571476570665e-09,-2.3036625877348904e-09,1.2796629734440278e-08,4.07931640741914,0.4126946699054736,-0.5416074120886344,-3.723449572102782,1.87603303514395e-08,6.053675113103568e-08
spin_dephasing,Spin dephasing,3.0,4.0,13.333333333333334,0.0057326111565573585,0.9999998178407958,0.9999991482455598,0.8374138292829774,0.9999999885347678,0.9999951987663509,0.5381532918391073,0.00027315155381039957,1.7675178690696337e-05,7.665743676188693e-09,5.749201197926946e-06,-3.1432921584052635e-09,-4.889584106324723e-09,1.1682181808553688e-08,-2.908592495031135,0.4124468138208163,-0.5412896867094527,0.6428547070781307,4.0821006544249864e-08,1.464851665149562e-07
spin_dephasing,Spin dephasing,4.0,0.0,0.0,0.0,,,,,,,0.0,0.7071067811865475,0.0,,0.0,0.0,0.0,,,,,0.0,0.0
spin_dephasing,Spin dephasing,4.0,0.5,1.6666666666666667,0.0007169446176227612,0.9999994607561884,0.9999985357096677,-0.4081918753037423,0.9999999376304954,0.9999938404461172,0.6883029980903599,3.416785754583681e-05,0.00027196037550151944,1.276608150167311e-08,7.660164879559172e-05,1.4597158000372588e-08,-3.471775405725232e-09,7.203390204349435e-09,1.294946963498609,0.43695551256965287,-0.5524838562453137,-4.204522555318734,2.7414592682096508e-08,-2.5304388555010534e-08
spin_dephasing,Spin dephasing,4.0,1.0,3.3333333333333335,0.0014339367208777813,1.0,1.0000000000000002,1.0000000000000002,1.0,1.0000000000000002,1.0,6.835755367540958e-05,0.000572207178773814,1.7126967334701795e-08,5.138075526117209e-05,2.5089901998098395e-08,-8.166459060884483e-09,8.665245866094845e-09,1.0240523631323681,0.4371556688320323,-0.5525920691714244,-3.072310999301206,-2.769277135612473e-08,4.420020647926018e-08
spin_dephasing,Spin dephasing,4.0,2.0,6.666666666666667,0.0028683185285690014,0.9999993165845938,0.9999978154854356,0.13585401340647327,0.9999999249014357,0.9999892708018837,0.4531965337206469,0.00013670173754401865,3.808335912661433e-05,1.0509030405095628e-08,1.5763248327185507e-05,2.1698548761267013e-09,3.3652475652450704e-09,7.741479184409743e-09,2.7972306805187737,0.43717584533847026,-0.5528858346375041,0.644783135284338,2.5041184144758855e-08,-4.760143591794273e-09
spin_dephasing,Spin dephasing,4.0,4.0,13.333333333333334,0.005736807302461459,0.9999992793178427,0.999997665412826,0.5521188783118594,0.9999999205315984,0.9999885979813756,0.42228134015819646,0.00027338860865669927,6.757374364643955e-06,1.2095198271443378e-08,9.071152921818529e-06,-1.1841303127082094e-08,1.0761857947518992e-08,1.2634920861224933e-08,-23.410027855863557,0.43704855295919764,-0.5527925768920143,-1.100302864507885,2.3798428276791206e-08,6.892187838850717e-08
photon_scattering,Photon scattering,0.01,0.0,0.0,0.0,,,,,,,0.0,0.7071067811865475,0.0,,0.0,0.0,0.0,,,,,0.0,0.0
photon_scattering,Photon scattering,0.01,0.5,2.0,0.001498446457876619,0.9999999683058339,0.9999999047626653,0.4568861611045936,0.9999999991716717,0.999999379206485,0.19997812181992494,7.638018773870011e-05,7.377674668731415e-05,1.2509942946184701e-05,0.03574319060199754,1.250520658768043e-05,1.2502497391066824e-05,6.090956811077331e-09,0.0004871264324188832,0.34743479812175626,-0.5448769943942597,1.0002166924358282,9.505400248240555e-09,9.173575284171315e-09
photon_scattering,Photon scattering,0.01,1.0,4.0,0.0029968845688883522,0.9999999999999998,1.0,1.0,1.0,0.9999999999999998,1.0,0.00015272145949087897,3.409285309902981e-05,2.5006665997264483e-05,0.035723752019076356,2.4998392124725235e-05,2.5003089950510112e-05,5.924959646812858e-09,0.000236991361091969,0.347299143117204,-0.5450320927198785,0.9998121101914134,4.74411792850818e-09,1.3103316019683024e-08
photon_scattering,Photon scattering,0.01,2.0,8.0,0.0059938360876273305,0.9999999763892979,0.9999999261197187,0.7818465542364943,0.9999999985500067,0.9999994145268912,0.4725738124116076,0.0003054896550286986,7.343903146199618e-05,4.999326318229477e-05,0.035708971971844854,4.9957511466098366e-05,5.001659921325821e-05,6.207842616492616e-09,0.00012418900401930675,0.34734436938796387,-0.5450614337184042,0.9988186372506473,1.3365008327485665e-08,9.391167107809787e-08
photon_scattering,Photon scattering,0.01,4.0,16.0,0.011987406433537242,0.99999998515509,0.9999999641572249,0.6979822276516792,0.9999999990166448,0.99999973655545,0.5203022999361181,0.0006108715031072436,2.1036604055314472e-06,9.993756866192487e-05,0.035692437942961154,9.992677209542445e-05,9.993578626389928e-05,6.2894822630238975e-09,6.293807419112813e-05,0.34723206563992726,-0.5450170108820116,0.9999098003947152,1.9820547871390545e-08,2.9303259961870905e-07
photon_scattering,Photon scattering,1.0,0.0,0.0,0.0,,,,,,,0.0,0.7071067811865475,0.0,,0.0,0.0,0.0,,,,,0.0,0.0
photon_scattering,Photon scattering,1.0,0.5,2.0,0.0014912834417110854,0.9999999845666221,0.9999999493236875,0.6382940534384902,0.9999999994474275,0.9999996328631855,0.39167284818543063,6.711503295612174e-05,6.21846048302651e-05,1.2508103778355643e-05,0.03573830583701714,1.2499473573640918e-05,1.2506319863943436e-05,5.20705956346854e-09,0.00041646825376412134,0.36487529950941333,-0.5222061391233184,0.9994525735486539,1.151434011691823e-08,1.3111807561571071e-08
photon_scattering,Photon scattering,1.0,1.0,4.0,0.002982607378582496,1.0000000000000002,0.9999999999999998,1.0000000000000002,1.0,1.0,1.0000000000000002,0.00013421951905645774,6.020620970530843e-05,2.5005615604864748e-05,0.035722785126262244,2.5000596626906582e-05,2.5000706390856695e-05,4.9640959831156686e-09,0.00019855866481528062,0.364667505718284,-0.5221047324167598,0.9999956095660499,1.103603536421055e-08,1.2738346980969902e-08
photon_scattering,Photon scattering,1.0,2.0,8.0,0.005965256454698488,0.9999999950154045,0.9999999822784017,0.8129912366742581,0.9999999996366138,0.9999998936627247,0.44904132743885117,0.0002684463127495953,2.7068068989632602e-05,4.999452172408053e-05,0.035710779763659155,4.998012414491094e-05,4.999970142183563e-05,4.6089407072596376e-09,9.219741445103256e-05,0.36475172109317067,-0.522232171995016,0.9996084521233531,1.3263125465848118e-08,5.109895360447589e-08
photon_scattering,Photon scattering,1.0,4.0,16.0,0.011930347490453214,0.9999999900719866,0.9999999779913363,0.7680234443476979,0.999999999276995,0.9999998853277372,0.37567413012701034,0.0005369032362650736,1.581710064368322e-05,9.995412000934719e-05,0.035698601333469776,9.994165674816218e-05,9.995623286216006e-05,5.175204186074033e-09,5.1778477463293814e-05,0.36474187377852707,-0.5222007557322498,0.9998541750366086,6.094643438851136e-09,2.4414791271805023e-07
photon_scattering,Photon scattering,2.0,0.0,0.0,0.0,,,,,,,0.0,0.7071067811865475,0.0,,0.0,0.0,0.0,,,,,0.0,0.0
photon_scattering,Photon scattering,2.0,0.5,2.0,0.0014910724041101002,0.9999999513692444,0.9999998290451021,0.3954753236506384,0.9999999951107609,0.9999992246821809,0.900985457928759,6.566843571609487e-05,0.00013317168182679843,1.2518348030706835e-05,0.035769285814185335,1.249125318346106e-05,1.2525332848624093e-05,1.0055014664261132e-08,0.0008038678540201305,0.39316968333230773,-0.5195829241427502,0.997279140955781,3.234664206525043e-08,-3.1020972101805368e-09
photon_scattering,Photon scattering,2.0,1.0,4.0,0.0029823301197682535,1.0,1.0,1.0000000000000002,1.0,1.0,1.0,0.00013138967738744427,3.256471925662911e-05,2.5018340314760652e-05,0.03574145977155905,2.499829807503993e-05,2.501685603889738e-05,1.076325779200203e-08,0.00043039986510819215,0.39346916059461984,-0.5198971539500613,0.9992581816104872,3.1112706978854714e-08,3.880774206242366e-08
photon_scattering,Photon scattering,2.0,2.0,8.0,0.005964792974293612,0.9999999886702985,0.9999999547990759,0.9041153174886509,0.9999999992909113,0.9999997569054263,0.855920324827296,0.0002628028407999189,8.559840608722626e-06,5.000775411593629e-05,0.03572075314619253,4.99920920325051e-05,5.000399390696906e-05,9.711146199211624e-09,0.00019423052628459093,0.39371155403817765,-0.5199538846601796,0.999761981523194,3.03082581074466e-08,6.285691528385551e-08
photon_scattering,Photon scattering,2.0,4.0,16.0,0.011929629607269121,0.9999999812197534,0.9999999351649146,0.8393163921527443,0.9999999983008684,0.9999997523426238,0.7511511821868574,0.0005256553237948577,1.797783257140471e-05,9.997568279712908e-05,0.035706465626139376,9.995666586165092e-05,9.997341824026103e-05,1.0640746173115326e-08,0.00010644467260556278,0.39378351707965475,-0.520093179306949,0.9998324316712884,2.7192373619331538e-08,2.548463216593477e-07
photon_scattering,Photon scattering,3.0,0.0,0.0,0.0,,,,,,,0.0,0.7071067811865475,0.0,,0.0,0.0,0.0,,,,,0.0,0.0
photon_scattering,Photon scattering,3.0,0.5,2.0,0.0014919140901352925,0.999999903745844,0.9999995671941243,0.8618439071423292,0.9999999925103175,0.9999974444079194,0.6134962142964581,6.55157319251812e-05,9.615090666061725e-05,1.2521810178626204e-05,0.03577676025351758,1.2516858193506581e-05,1.2498280250099309e-05,1.4240956823262313e-08,0.0011385870884038573,0.4204322473520811,-0.5272040508805538,1.001486439976982,4.113909374070125e-08,4.2834917995429906e-08
photon_scattering,Photon scattering,3.0,1.0,4.0,0.002983908141929659,1.0000000000000002,1.0,1.0,1.0,1.0000000000000002,0.9999999999999998,0.00013101739922637164,6.693949409100709e-06,2.5026314035820464e-05,0.03575192759834557,2.5005914021176002e-05,2.5013621249344847e-05,1.654640056004488e-08,0.000661597532666264,0.41998219759726657,-0.5281663739719922,0.9996918787530995,3.1200725148789593e-08,5.460680378190425e-08
photon_scattering,Photon scattering,3.0,2.0,8.0,0.005967884129340553,0.9999999754185329,0.9999998963296205,0.8832196182943403,0.9999999985055984,0.9999994221952669,0.5388056357156392,0.00026202818786840804,1.2501658946646435e-05,5.001793403940018e-05,0.035726794934711564,5.001058374213161e-05,4.9996273068285744e-05,1.4505634191512525e-08,0.00029009279271741947,0.42019584780590097,-0.5282203127133754,1.0002862348124693,2.259965083077479e-08,8.443639069964632e-08
photon_scattering,Photon scattering,3.0,4.0,16.0,0.011935851451464714,0.9999999760043761,0.9999998866907851,0.9312340125330335,0.9999999983665695,0.9999993786383049,0.7132212762195738,0.000524015289548641,1.0629874613581376e-06,9.998977300683527e-05,0.03571068609950481,9.9980197516977e-05,9.99689598776868e-05,1.5194309503374574e-08,0.00015198173076952487,0.4200305302860543,-0.5283347396830143,1.0001124112855024,3.168478780672776e-08,2.823696929679789e-07
photon_scattering,Photon scattering,4.0,0.0,0.0,0.0,,,,,,,0.0,0.7071067811865475,0.0,,0.0,0.0,0.0,,,,,0.0,0.0
photon_scattering,Photon scattering,4.0,0.5,2.0,0.0014929297995449704,0.999999876401521,0.9999996135939636,0.27118015371266607,0.9999999956599468,0.9999976634006934,0.2034105981603375,6.568035007702006e-05,0.00020945539092863494,1.2513823771609601e-05,0.03575363149718207,1.2509984211189326e-05,1.2501950404230357e-05,7.856463899764209e-09,0.0006282172107487243,0.44407217072814237,-0.5409994145651689,1.0006426042896674,3.389830640203339e-08,-2.537763121694511e-08
photon_scattering,Photon scattering,4.0,1.0,4.0,0.002986013243742953,1.0,0.9999999999999998,1.0000000000000002,0.9999999999999998,1.0000000000000002,1.0000000000000002,0.00013136424359427114,3.0353411879643885e-05,2.5018223649889563e-05,0.03574000871275236,2.499551149107775e-05,2.501954186001273e-05,1.0696974344326774e-08,0.0004277501922965977,0.44381917583418645,-0.5411338730365945,0.9990395360127123,2.843668851392931e-08,1.303682647949613e-09
photon_scattering,Photon scattering,4.0,2.0,8.0,0.005972042412586088,0.9999999731108161,0.9999999109262504,0.3317391687543425,0.9999999985125697,0.9999995257161746,0.49670798176583464,0.00026270607960125454,5.614075667034332e-05,5.000588856759592e-05,0.0357184280596031,4.998206583486399e-05,5.001480027995698e-05,7.45551018544312e-09,0.0001491148767978861,0.4438744585912495,-0.5410570173129551,0.9993455048323745,1.1399657916526425e-08,5.781336566944973e-08
photon_scattering,Photon scattering,4.0,4.0,16.0,0.011944357173627823,0.9999999562475536,0.9999998692106865,0.014010064118552002,0.9999999971085491,0.9999992961260699,0.10227357469468198,0.00052544939166946,6.061891424986267e-06,9.998393909566296e-05,0.03570852572010391,9.998748684476123e-05,9.996085655548633e-05,9.767395539194312e-09,9.769918943156614e-05,0.44394505192729866,-0.5410139879467968,1.0002664071736933,3.885806012119482e-08,2.5612695080981485e-07
