pair_id,source_x,source_y,nbar,multiplier_x,multiplier_y,C_gamma_IX_per_gate,C_gamma_XI_per_gate,C_gamma_XX_per_gate,C_h_XX_rad_per_gate,C_gamma_X_mean_per_gate,C_gamma_X_ion_asymmetry_per_gate,multiplier_product,a_X_per_gate,a_X_rmse,a_X_max_abs_residual,a_X_nrmse_to_max_abs_response,a_X_r_squared,a_XX_per_gate,a_XX_rmse,a_XX_max_abs_residual,a_XX_nrmse_to_max_abs_response,a_XX_r_squared,b_XX_rad_per_gate,b_XX_rad_rmse,b_XX_rad_max_abs_residual,b_XX_rad_nrmse_to_max_abs_response,b_XX_rad_r_squared,model_C_gamma_X_mean_per_gate,model_C_gamma_XX_per_gate,model_C_h_XX_rad_per_gate,residual_C_gamma_X_mean_per_gate,residual_C_gamma_XX_per_gate,residual_C_h_XX_rad_per_gate
motional_heating__motional_dephasing,motional_heating,motional_dephasing,0.01,0.0,0.0,0.0,0.0,0.0,0.0,0.0,0.0,0.0,1.1780940052415042e-07,5.044794204936219e-09,1.1495465876394634e-08,0.002683429735864651,0.999884158299968,8.672037700395765e-09,1.2761427640328363e-08,2.7348767149390867e-08,0.09070917821794328,0.889455386089665,1.1808008058636537e-07,1.0940870333920475e-08,2.3243907555179645e-08,0.005775923871122398,0.999466537630251,0.0,-0.0,0.0,0.0,0.0,0.0
motional_heating__motional_dephasing,motional_heating,motional_dephasing,0.01,0.5,0.0,0.0,0.0,0.0,0.0,0.0,0.0,0.0,1.1780940052415042e-07,5.044794204936219e-09,1.1495465876394634e-08,0.002683429735864651,0.999884158299968,8.672037700395765e-09,1.2761427640328363e-08,2.7348767149390867e-08,0.09070917821794328,0.889455386089665,1.1808008058636537e-07,1.0940870333920475e-08,2.3243907555179645e-08,0.005775923871122398,0.999466537630251,0.0,-0.0,0.0,0.0,0.0,0.0
motional_heating__motional_dephasing,motional_heating,motional_dephasing,0.01,1.0,0.0,0.0,0.0,0.0,0.0,0.0,0.0,0.0,1.1780940052415042e-07,5.044794204936219e-09,1.1495465876394634e-08,0.002683429735864651,0.999884158299968,8.672037700395765e-09,1.2761427640328363e-08,2.7348767149390867e-08,0.09070917821794328,0.889455386089665,1.1808008058636537e-07,1.0940870333920475e-08,2.3243907555179645e-08,0.005775923871122398,0.999466537630251,0.0,-0.0,0.0,0.0,0.0,0.0
motional_heating__motional_dephasing,motional_heating,motional_dephasing,0.01,2.0,0.0,0.0,0.0,0.0,0.0,0.0,0.0,0.0,1.1780940052415042e-07,5.044794204936219e-09,1.1495465876394634e-08,0.002683429735864651,0.999884158299968,8.672037700395765e-09,1.2761427640328363e-08,2.7348767149390867e-08,0.09070917821794328,0.889455386089665,1.1808008058636537e-07,1.0940870333920475e-08,2.3243907555179645e-08,0.005775923871122398,0.999466537630251,0.0,-0.0,0.0,0.0,0.0,0.0
motional_heating__motional_dephasing,motional_heating,motional_dephasing,0.01,4.0,0.0,0.0,0.0,0.0,0.0,0.0,0.0,0.0,1.1780940052415042e-07,5.044794204936219e-09,1.1495465876394634e-08,0.002683429735864651,0.999884158299968,8.672037700395765e-09,1.2761427640328363e-08,2.7348767149390867e-08,0.09070917821794328,0.889455386089665,1.1808008058636537e-07,1.0940870333920475e-08,2.3243907555179645e-08,0.005775923871122398,0.999466537630251,0.0,-0.0,0.0,0.0,0.0,0.0
motional_heating__motional_dephasing,motional_heating,motional_dephasing,0.01,0.0,0.5,0.0,0.0,8.470329472543003e-22,0.0,0.0,0.0,0.0,1.1780940052415042e-07,5.044794204936219e-09,1.1495465876394634e-08,0.002683429735864651,0.999884158299968,8.672037700395765e-09,1.2761427640328363e-08,2.7348767149390867e-08,0.09070917821794328,0.889455386089665,1.1808008058636537e-07,1.0940870333920475e-08,2.3243907555179645e-08,0.005775923871122398,0.999466537630251,0.0,-0.0,0.0,0.0,8.470329472543003e-22,0.0
motional_heating__motional_dephasing,motional_heating,motional_dephasing,0.01,0.5,0.5,3.154929817502023e-08,3.104444447524061e-08,1.0342594650276364e-08,3.040925433336894e-08,3.129687132513042e-08,2.5242684988980874e-10,0.25,1.1780940052415042e-07,5.044794204936219e-09,1.1495465876394634e-08,0.002683429735864651,0.999884158299968,8.672037700395765e-09,1.2761427640328363e-08,2.7348767149390867e-08,0.09070917821794328,0.889455386089665,1.1808008058636537e-07,1.0940870333920475e-08,2.3243907555179645e-08,0.005775923871122398,0.999466537630251,2.9452350131037605e-08,-2.1680094250989412e-09,2.9520020146591342e-08,1.844521194092816e-09,1.2510604075375305e-08,8.892341867775981e-10
motional_heating__motional_dephasing,motional_heating,motional_dephasing,0.01,1.0,0.5,5.035279386255201e-08,6.395774006691661e-08,-1.2079795653576482e-08,5.9234135494148916e-08,5.715526696473431e-08,-6.8024731021823015e-09,0.5,1.1780940052415042e-07,5.044794204936219e-09,1.1495465876394634e-08,0.002683429735864651,0.999884158299968,8.672037700395765e-09,1.2761427640328363e-08,2.7348767149390867e-08,0.09070917821794328,0.889455386089665,1.1808008058636537e-07,1.0940870333920475e-08,2.3243907555179645e-08,0.005775923871122398,0.999466537630251,5.890470026207521e-08,-4.3360188501978824e-09,5.9040040293182684e-08,-1.7494332973408977e-09,-7.7437768033786e-09,1.9409520096623185e-10
motional_heating__motional_dephasing,motional_heating,motional_dephasing,0.01,2.0,0.5,1.216945884700138e-07,1.2294883640325612e-07,2.894104920206647e-09,1.1095966062114881e-07,1.2232171243663497e-07,-6.27123966621154e-10,1.0,1.1780940052415042e-07,5.044794204936219e-09,1.1495465876394634e-08,0.002683429735864651,0.999884158299968,8.672037700395765e-09,1.2761427640328363e-08,2.7348767149390867e-08,0.09070917821794328,0.889455386089665,1.1808008058636537e-07,1.0940870333920475e-08,2.3243907555179645e-08,0.005775923871122398,0.999466537630251,1.1780940052415042e-07,-8.672037700395765e-09,1.1808008058636537e-07,4.512311912484544e-09,1.1566142620602412e-08,-7.120419965216554e-09
motional_heating__motional_dephasing,motional_heating,motional_dephasing,0.01,4.0,0.5,2.291262659231871e-07,2.535264389859766e-07,1.0004691748599336e-08,2.324403294198113e-07,2.4132635245458184e-07,-1.2200086531394746e-08,2.0,1.1780940052415042e-07,5.044794204936219e-09,1.1495465876394634e-08,0.002683429735864651,0.999884158299968,8.672037700395765e-09,1.2761427640328363e-08,2.7348767149390867e-08,0.09070917821794328,0.889455386089665,1.1808008058636537e-07,1.0940870333920475e-08,2.3243907555179645e-08,0.005775923871122398,0.999466537630251,2.3561880104830084e-07,-1.734407540079153e-08,2.3616016117273074e-07,5.707551406280994e-09,2.7348767149390867e-08,-3.7198317529194394e-09
motional_heating__motional_dephasing,motional_heating,motional_dephasing,0.01,0.0,1.0,-1.3552527156068804e-20,1.3552527156068804e-20,8.470329472543003e-22,0.0,0.0,-1.3552527156068804e-20,0.0,1.1780940052415042e-07,5.044794204936219e-09,1.1495465876394634e-08,0.002683429735864651,0.999884158299968,8.672037700395765e-09,1.2761427640328363e-08,2.7348767149390867e-08,0.09070917821794328,0.889455386089665,1.1808008058636537e-07,1.0940870333920475e-08,2.3243907555179645e-08,0.005775923871122398,0.999466537630251,0.0,-0.0,0.0,0.0,8.470329472543003e-22,0.0
motional_heating__motional_dephasing,motional_heating,motional_dephasing,0.01,0.5,1.0,5.6575903858673683e-08,5.3006248854008235e-08,-5.4088080835459944e-09,4.2758900545281087e-08,5.479107635634096e-08,1.7848275023327241e-09,0.5,1.1780940052415042e-07,5.044794204936219e-09,1.1495465876394634e-08,0.002683429735864651,0.999884158299968,8.672037700395765e-09,1.2761427640328363e-08,2.7348767149390867e-08,0.09070917821794328,0.889455386089665,1.1808008058636537e-07,1.0940870333920475e-08,2.3243907555179645e-08,0.005775923871122398,0.999466537630251,5.890470026207521e-08,-4.3360188501978824e-09,5.9040040293182684e-08,-4.1136239057342515e-09,-1.072789233348112e-09,-1.6281139747901598e-08
motional_heating__motional_dephasing,motional_heating,motional_dephasing,0.01,1.0,1.0,1.224500922151903e-07,1.206245137848214e-07,-7.328673978163869e-10,1.0025302816553395e-07,1.2153730300000585e-07,9.127892151844506e-10,1.0,1.1780940052415042e-07,5.044794204936219e-09,1.1495465876394634e-08,0.002683429735864651,0.999884158299968,8.672037700395765e-09,1.2761427640328363e-08,2.7348767149390867e-08,0.09070917821794328,0.889455386089665,1.1808008058636537e-07,1.0940870333920475e-08,2.3243907555179645e-08,0.005775923871122398,0.999466537630251,1.1780940052415042e-07,-8.672037700395765e-09,1.1808008058636537e-07,3.7279024758554275e-09,7.939170302579378e-09,-1.7827052420831414e-08
motional_heating__motional_dephasing,motional_heating,motional_dephasing,0.01,2.0,1.0,2.411114413295666e-07,2.403170109187611e-07,-1.2159855774042663e-08,2.129162536175511e-07,2.4071422612416383e-07,3.972152054027493e-10,2.0,1.1780940052415042e-07,5.044794204936219e-09,1.1495465876394634e-08,0.002683429735864651,0.999884158299968,8.672037700395765e-09,1.2761427640328363e-08,2.7348767149390867e-08,0.09070917821794328,0.889455386089665,1.1808008058636537e-07,1.0940870333920475e-08,2.3243907555179645e-08,0.005775923871122398,0.999466537630251,2.3561880104830084e-07,-1.734407540079153e-08,2.3616016117273074e-07,5.095425075862984e-09,5.184219626748866e-09,-2.3243907555179645e-08
motional_heating__motional_dephasing,motional_heating,motional_dephasing,0.01,4.0,1.0,4.759756146789808e-07,4.894905212670118e-07,-1.2420618585587036e-08,4.70179166401144e-07,4.827330679729963e-07,-6.757453294015526e-09,4.0,1.1780940052415042e-07,5.044794204936219e-09,1.1495465876394634e-08,0.002683429735864651,0.999884158299968,8.672037700395765e-09,1.2761427640328363e-08,2.7348767149390867e-08,0.09070917821794328,0.889455386089665,1.1808008058636537e-07,1.0940870333920475e-08,2.3243907555179645e-08,0.005775923871122398,0.999466537630251,4.712376020966017e-07,-3.468815080158306e-08,4.723203223454615e-07,1.1495465876394634e-08,2.2267532215996023e-08,-2.141155944317486e-09
motional_heating__motional_dephasing,motional_heating,motional_dephasing,0.01,0.0,2.0,-1.3552527156068804e-20,1.3552527156068804e-20,8.470329472543003e-22,0.0,0.0,-1.3552527156068804e-20,0.0,1.1780940052415042e-07,5.044794204936219e-09,1.1495465876394634e-08,0.002683429735864651,0.999884158299968,8.672037700395765e-09,1.2761427640328363e-08,2.7348767149390867e-08,0.09070917821794328,0.889455386089665,1.1808008058636537e-07,1.0940870333920475e-08,2.3243907555179645e-08,0.005775923871122398,0.999466537630251,0.0,-0.0,0.0,0.0,8.470329472543003e-22,0.0
motional_heating__motional_dephasing,motional_heating,motional_dephasing,0.01,0.5,2.0,1.3033664934536382e-07,8.492356221664768e-08,-3.438176698607189e-08,1.372588696989946e-07,1.0763010578100575e-07,2.270654356435807e-08,1.0,1.1780940052415042e-07,5.044794204936219e-09,1.1495465876394634e-08,0.002683429735864651,0.999884158299968,8.672037700395765e-09,1.2761427640328363e-08,2.7348767149390867e-08,0.09070917821794328,0.889455386089665,1.1808008058636537e-07,1.0940870333920475e-08,2.3243907555179645e-08,0.005775923871122398,0.999466537630251,1.1780940052415042e-07,-8.672037700395765e-09,1.1808008058636537e-07,-1.017929474314467e-08,-2.5709729285676128e-08,1.917878911262922e-08
motional_heating__motional_dephasing,motional_heating,motional_dephasing,0.01,1.0,2.0,2.385604436481347e-07,2.332006570853444e-07,-2.5128531300633413e-08,2.294956652805491e-07,2.3588055036673954e-07,2.6798932813951485e-09,2.0,1.1780940052415042e-07,5.044794204936219e-09,1.1495465876394634e-08,0.002683429735864651,0.999884158299968,8.672037700395765e-09,1.2761427640328363e-08,2.7348767149390867e-08,0.09070917821794328,0.889455386089665,1.1808008058636537e-07,1.0940870333920475e-08,2.3243907555179645e-08,0.005775923871122398,0.999466537630251,2.3561880104830084e-07,-1.734407540079153e-08,2.3616016117273074e-07,2.617493184386967e-10,-7.784455899841883e-09,-6.664495892181638e-09
motional_heating__motional_dephasing,motional_heating,motional_dephasing,0.01,2.0,2.0,4.75122472156099e-07,4.623358815354449e-07,-4.2069616231897175e-08,4.728665533113713e-07,4.6872917684577194e-07,6.393295310327045e-09,4.0,1.1780940052415042e-07,5.044794204936219e-09,1.1495465876394634e-08,0.002683429735864651,0.999884158299968,8.672037700395765e-09,1.2761427640328363e-08,2.7348767149390867e-08,0.09070917821794328,0.889455386089665,1.1808008058636537e-07,1.0940870333920475e-08,2.3243907555179645e-08,0.005775923871122398,0.999466537630251,4.712376020966017e-07,-3.468815080158306e-08,4.723203223454615e-07,-2.5084252508297407e-09,-7.381465430314116e-09,5.462309659098103e-10
motional_heating__motional_dephasing,motional_heating,motional_dephasing,0.01,4.0,2.0,9.501508028739683e-07,9.409647855596172e-07,-7.938502227816193e-08,9.500696619198916e-07,9.455577942167928e-07,4.593008657175564e-09,8.0,1.1780940052415042e-07,5.044794204936219e-09,1.1495465876394634e-08,0.002683429735864651,0.999884158299968,8.672037700395765e-09,1.2761427640328363e-08,2.7348767149390867e-08,0.09070917821794328,0.889455386089665,1.1808008058636537e-07,1.0940870333920475e-08,2.3243907555179645e-08,0.005775923871122398,0.999466537630251,9.424752041932034e-07,-6.937630160316612e-08,9.44640644690923e-07,3.0825900235894145e-09,-1.0008720674995815e-08,5.429017228968673e-09
motional_heating__motional_dephasing,motional_heating,motional_dephasing,0.01,0.0,4.0,-1.3552527156068804e-20,-4.0657581468206416e-20,8.470329472543003e-22,0.0,-2.710505431213761e-20,1.3552527156068805e-20,0.0,1.1780940052415042e-07,5.044794204936219e-09,1.1495465876394634e-08,0.002683429735864651,0.999884158299968,8.672037700395765e-09,1.2761427640328363e-08,2.7348767149390867e-08,0.09070917821794328,0.889455386089665,1.1808008058636537e-07,1.0940870333920475e-08,2.3243907555179645e-08,0.005775923871122398,0.999466537630251,0.0,-0.0,0.0,-2.710505431213761e-20,8.470329472543003e-22,0.0
motional_heating__motional_dephasing,motional_heating,motional_dephasing,0.01,0.5,4.0,2.3202102330089174e-07,2.351052129185373e-07,-1.1573674853561909e-08,2.208140622624727e-07,2.3356311810971453e-07,-1.5420948088227865e-09,2.0,1.1780940052415042e-07,5.044794204936219e-09,1.1495465876394634e-08,0.002683429735864651,0.999884158299968,8.672037700395765e-09,1.2761427640328363e-08,2.7348767149390867e-08,0.09070917821794328,0.889455386089665,1.1808008058636537e-07,1.0940870333920475e-08,2.3243907555179645e-08,0.005775923871122398,0.999466537630251,2.3561880104830084e-07,-1.734407540079153e-08,2.3616016117273074e-07,-2.0556829385863164e-09,5.770400547229621e-09,-1.534609891025805e-08
motional_heating__motional_dephasing,motional_heating,motional_dephasing,0.01,1.0,4.0,4.836809385309323e-07,4.536382384632095e-07,-3.239084549373427e-08,4.760905924217074e-07,4.686595884970709e-07,1.5021350033861424e-08,4.0,1.1780940052415042e-07,5.044794204936219e-09,1.1495465876394634e-08,0.002683429735864651,0.999884158299968,8.672037700395765e-09,1.2761427640328363e-08,2.7348767149390867e-08,0.09070917821794328,0.889455386089665,1.1808008058636537e-07,1.0940870333920475e-08,2.3243907555179645e-08,0.005775923871122398,0.999466537630251,4.712376020966017e-07,-3.468815080158306e-08,4.723203223454615e-07,-2.578013599530773e-09,2.2973053078487896e-09,3.770270076245949e-09
motional_heating__motional_dephasing,motional_heating,motional_dephasing,0.01,2.0,4.0,9.539016424449804e-07,9.349540852090864e-07,-7.078842300333335e-08,9.421889170854042e-07,9.444278638270334e-07,9.473778617946995e-09,8.0,1.1780940052415042e-07,5.044794204936219e-09,1.1495465876394634e-08,0.002683429735864651,0.999884158299968,8.672037700395765e-09,1.2761427640328363e-08,2.7348767149390867e-08,0.09070917821794328,0.889455386089665,1.1808008058636537e-07,1.0940870333920475e-08,2.3243907555179645e-08,0.005775923871122398,0.999466537630251,9.424752041932034e-07,-6.937630160316612e-08,9.44640644690923e-07,1.952659633830041e-09,-1.4121214001672314e-09,-2.4517276055187508e-09
motional_heating__motional_dephasing,motional_heating,motional_dephasing,0.01,4.0,4.0,1.8818944795976e-06,1.878065498121505e-06,-1.4068507609744844e-07,1.8942199686219907e-06,1.8799799888595526e-06,1.9144907380475246e-09,16.0,1.1780940052415042e-07,5.044794204936219e-09,1.1495465876394634e-08,0.002683429735864651,0.999884158299968,8.672037700395765e-09,1.2761427640328363e-08,2.7348767149390867e-08,0.09070917821794328,0.889455386089665,1.1808008058636537e-07,1.0940870333920475e-08,2.3243907555179645e-08,0.005775923871122398,0.999466537630251,1.8849504083864067e-06,-1.3875260320633224e-07,1.889281289381846e-06,-4.970419526854184e-09,-1.9324728911162065e-09,4.938679240144815e-09
motional_heating__motional_dephasing,motional_heating,motional_dephasing,1.0,0.0,0.0,0.0,0.0,0.0,0.0,0.0,0.0,0.0,1.484441765857253e-07,8.103796356330473e-09,1.6168468131871403e-08,0.003433138801868063,0.9998104892949444,3.6738963980231744e-08,8.721262139655773e-09,2.2299305640391267e-08,0.01512168991030505,0.9963901235558278,1.0265980478707717e-07,1.0534433138020054e-08,3.139786752509205e-08,0.00647010309214684,0.9993287139808265,0.0,-0.0,0.0,0.0,0.0,0.0
motional_heating__motional_dephasing,motional_heating,motional_dephasing,1.0,0.5,0.0,0.0,0.0,0.0,0.0,0.0,0.0,0.0,1.484441765857253e-07,8.103796356330473e-09,1.6168468131871403e-08,0.003433138801868063,0.9998104892949444,3.6738963980231744e-08,8.721262139655773e-09,2.2299305640391267e-08,0.01512168991030505,0.9963901235558278,1.0265980478707717e-07,1.0534433138020054e-08,3.139786752509205e-08,0.00647010309214684,0.9993287139808265,0.0,-0.0,0.0,0.0,0.0,0.0
motional_heating__motional_dephasing,motional_heating,motional_dephasing,1.0,1.0,0.0,0.0,0.0,0.0,0.0,0.0,0.0,0.0,1.484441765857253e-07,8.103796356330473e-09,1.6168468131871403e-08,0.003433138801868063,0.9998104892949444,3.6738963980231744e-08,8.721262139655773e-09,2.2299305640391267e-08,0.01512168991030505,0.9963901235558278,1.0265980478707717e-07,1.0534433138020054e-08,3.139786752509205e-08,0.00647010309214684,0.9993287139808265,0.0,-0.0,0.0,0.0,0.0,0.0
motional_heating__motional_dephasing,motional_heating,motional_dephasing,1.0,2.0,0.0,0.0,0.0,0.0,0.0,0.0,0.0,0.0,1.484441765857253e-07,8.103796356330473e-09,1.6168468131871403e-08,0.003433138801868063,0.9998104892949444,3.6738963980231744e-08,8.721262139655773e-09,2.2299305640391267e-08,0.01512168991030505,0.9963901235558278,1.0265980478707717e-07,1.0534433138020054e-08,3.139786752509205e-08,0.00647010309214684,0.9993287139808265,0.0,-0.0,0.0,0.0,0.0,0.0
motional_heating__motional_dephasing,motional_heating,motional_dephasing,1.0,4.0,0.0,0.0,0.0,0.0,0.0,0.0,0.0,0.0,1.484441765857253e-07,8.103796356330473e-09,1.6168468131871403e-08,0.003433138801868063,0.9998104892949444,3.6738963980231744e-08,8.721262139655773e-09,2.2299305640391267e-08,0.01512168991030505,0.9963901235558278,1.0265980478707717e-07,1.0534433138020054e-08,3.139786752509205e-08,0.00647010309214684,0.9993287139808265,0.0,-0.0,0.0,0.0,0.0,0.0
motional_heating__motional_dephasing,motional_heating,motional_dephasing,1.0,0.0,0.5,0.0,-2.710505431213761e-20,0.0,0.0,-1.3552527156068805e-20,1.3552527156068805e-20,0.0,1.484441765857253e-07,8.103796356330473e-09,1.6168468131871403e-08,0.003433138801868063,0.9998104892949444,3.6738963980231744e-08,8.721262139655773e-09,2.2299305640391267e-08,0.01512168991030505,0.9963901235558278,1.0265980478707717e-07,1.0534433138020054e-08,3.139786752509205e-08,0.00647010309214684,0.9993287139808265,0.0,-0.0,0.0,-1.3552527156068805e-20,0.0,0.0
motional_heating__motional_dephasing,motional_heating,motional_dephasing,1.0,0.5,0.5,3.9998068967388514e-08,3.6526140879722434e-08,-1.4559779486222892e-08,1.7147806178480218e-08,3.8262104923555474e-08,1.73596404383304e-09,0.25,1.484441765857253e-07,8.103796356330473e-09,1.6168468131871403e-08,0.003433138801868063,0.9998104892949444,3.6738963980231744e-08,8.721262139655773e-09,2.2299305640391267e-08,0.01512168991030505,0.9963901235558278,1.0265980478707717e-07,1.0534433138020054e-08,3.139786752509205e-08,0.00647010309214684,0.9993287139808265,3.7111044146431325e-08,-9.184740995057936e-09,2.5664951196769293e-08,1.1510607771241491e-09,-5.375038491164956e-09,-8.517145018289075e-09
motional_heating__motional_dephasing,motional_heating,motional_dephasing,1.0,1.0,0.5,8.529016959954017e-08,7.386982616561428e-08,-7.875200246966214e-09,6.152341436999055e-08,7.957999788257722e-08,5.710171716962946e-09,0.5,1.484441765857253e-07,8.103796356330473e-09,1.6168468131871403e-08,0.003433138801868063,0.9998104892949444,3.6738963980231744e-08,8.721262139655773e-09,2.2299305640391267e-08,0.01512168991030505,0.9963901235558278,1.0265980478707717e-07,1.0534433138020054e-08,3.139786752509205e-08,0.00647010309214684,0.9993287139808265,7.422208829286265e-08,-1.8369481990115872e-08,5.132990239353859e-08,5.35790958971457e-09,1.0494281743149658e-08,1.0193511976451963e-08
motional_heating__motional_dephasing,motional_heating,motional_dephasing,1.0,2.0,0.5,1.553700498608721e-07,1.5078566256121714e-07,-3.954834577771065e-08,1.0321129124621353e-07,1.530778562110446e-07,2.292193649827481e-09,1.0,1.484441765857253e-07,8.103796356330473e-09,1.6168468131871403e-08,0.003433138801868063,0.9998104892949444,3.6738963980231744e-08,8.721262139655773e-09,2.2299305640391267e-08,0.01512168991030505,0.9963901235558278,1.0265980478707717e-07,1.0534433138020054e-08,3.139786752509205e-08,0.00647010309214684,0.9993287139808265,1.484441765857253e-07,-3.6738963980231744e-08,1.0265980478707717e-07,4.633679625319308e-09,-2.809381797478907e-09,5.514864591363586e-10
motional_heating__motional_dephasing,motional_heating,motional_dephasing,1.0,4.0,0.5,3.028116011698809e-07,3.081413943942918e-07,-5.9573023569736705e-08,2.0088110188470898e-07,3.0547649778208633e-07,-2.664896612205448e-09,2.0,1.484441765857253e-07,8.103796356330473e-09,1.6168468131871403e-08,0.003433138801868063,0.9998104892949444,3.6738963980231744e-08,8.721262139655773e-09,2.2299305640391267e-08,0.01512168991030505,0.9963901235558278,1.0265980478707717e-07,1.0534433138020054e-08,3.139786752509205e-08,0.00647010309214684,0.9993287139808265,2.968883531714506e-07,-7.347792796046349e-08,2.0531960957415435e-07,8.58814461063573e-09,1.3904904390726783e-08,-4.4385076894453684e-09
motional_heating__motional_dephasing,motional_heating,motional_dephasing,1.0,0.0,1.0,0.0,2.710505431213761e-20,0.0,0.0,1.3552527156068805e-20,-1.3552527156068805e-20,0.0,1.484441765857253e-07,8.103796356330473e-09,1.6168468131871403e-08,0.003433138801868063,0.9998104892949444,3.6738963980231744e-08,8.721262139655773e-09,2.2299305640391267e-08,0.01512168991030505,0.9963901235558278,1.0265980478707717e-07,1.0534433138020054e-08,3.139786752509205e-08,0.00647010309214684,0.9993287139808265,0.0,-0.0,0.0,1.3552527156068805e-20,0.0,0.0
motional_heating__motional_dephasing,motional_heating,motional_dephasing,1.0,0.5,1.0,6.837931654745093e-08,7.681538440195585e-08,-2.0542006090606447e-08,4.79882031993728e-08,7.259735047470339e-08,-4.218033927252459e-09,0.5,1.484441765857253e-07,8.103796356330473e-09,1.6168468131871403e-08,0.003433138801868063,0.9998104892949444,3.6738963980231744e-08,8.721262139655773e-09,2.2299305640391267e-08,0.01512168991030505,0.9963901235558278,1.0265980478707717e-07,1.0534433138020054e-08,3.139786752509205e-08,0.00647010309214684,0.9993287139808265,7.422208829286265e-08,-1.8369481990115872e-08,5.132990239353859e-08,-1.6247378181592635e-09,-2.1725241004905755e-09,-3.3416991941657838e-09
motional_heating__motional_dephasing,motional_heating,motional_dephasing,1.0,1.0,1.0,1.5417605886685218e-07,1.4204528483489586e-07,-4.1413383771273574e-08,1.0828838805862496e-07,1.4811067185087402e-07,6.065387015978161e-09,1.0,1.484441765857253e-07,8.103796356330473e-09,1.6168468131871403e-08,0.003433138801868063,0.9998104892949444,3.6738963980231744e-08,8.721262139655773e-09,2.2299305640391267e-08,0.01512168991030505,0.9963901235558278,1.0265980478707717e-07,1.0534433138020054e-08,3.139786752509205e-08,0.00647010309214684,0.9993287139808265,1.484441765857253e-07,-3.6738963980231744e-08,1.0265980478707717e-07,-3.335047348512773e-10,-4.67441979104183e-09,5.628583271547791e-09
motional_heating__motional_dephasing,motional_heating,motional_dephasing,1.0,2.0,1.0,3.087360910528818e-07,3.079579853231039e-07,-7.47104628444524e-08,2.367174770992464e-07,3.0834703818799286e-07,3.890528648889521e-10,2.0,1.484441765857253e-07,8.103796356330473e-09,1.6168468131871403e-08,0.003433138801868063,0.9998104892949444,3.6738963980231744e-08,8.721262139655773e-09,2.2299305640391267e-08,0.01512168991030505,0.9963901235558278,1.0265980478707717e-07,1.0534433138020054e-08,3.139786752509205e-08,0.00647010309214684,0.9993287139808265,2.968883531714506e-07,-7.347792796046349e-08,2.0531960957415435e-07,1.1458685016542255e-08,-1.2325348839889142e-09,3.139786752509205e-08
motional_heating__motional_dephasing,motional_heating,motional_dephasing,1.0,4.0,1.0,6.00118497924595e-07,6.197718510249502e-07,-1.4165550551417834e-07,4.083833305100482e-07,6.099451744747726e-07,-9.82667655017764e-09,4.0,1.484441765857253e-07,8.103796356330473e-09,1.6168468131871403e-08,0.003433138801868063,0.9998104892949444,3.6738963980231744e-08,8.721262139655773e-09,2.2299305640391267e-08,0.01512168991030505,0.9963901235558278,1.0265980478707717e-07,1.0534433138020054e-08,3.139786752509205e-08,0.00647010309214684,0.9993287139808265,5.937767063429012e-07,-1.4695585592092698e-07,4.106392191483087e-07,1.6168468131871403e-08,5.300350406748636e-09,-2.255888638260483e-09
motional_heating__motional_dephasing,motional_heating,motional_dephasing,1.0,0.0,2.0,1.0842021724855044e-19,-8.131516293641283e-20,0.0,0.0,1.3552527156068805e-20,9.486769009248164e-20,0.0,1.484441765857253e-07,8.103796356330473e-09,1.6168468131871403e-08,0.003433138801868063,0.9998104892949444,3.6738963980231744e-08,8.721262139655773e-09,2.2299305640391267e-08,0.01512168991030505,0.9963901235558278,1.0265980478707717e-07,1.0534433138020054e-08,3.139786752509205e-08,0.00647010309214684,0.9993287139808265,0.0,-0.0,0.0,1.3552527156068805e-20,0.0,0.0
motional_heating__motional_dephasing,motional_heating,motional_dephasing,1.0,0.5,2.0,1.4980776283032588e-07,1.503428733806245e-07,-3.9364178703541614e-08,9.787104922331925e-08,1.5007531810547518e-07,-2.67555275149309e-10,1.0,1.484441765857253e-07,8.103796356330473e-09,1.6168468131871403e-08,0.003433138801868063,0.9998104892949444,3.6738963980231744e-08,8.721262139655773e-09,2.2299305640391267e-08,0.01512168991030505,0.9963901235558278,1.0265980478707717e-07,1.0534433138020054e-08,3.139786752509205e-08,0.00647010309214684,0.9993287139808265,1.484441765857253e-07,-3.6738963980231744e-08,1.0265980478707717e-07,1.631141519749877e-09,-2.6252147233098696e-09,-4.788755563757921e-09
motional_heating__motional_dephasing,motional_heating,motional_dephasing,1.0,1.0,2.0,2.942165852549061e-07,3.000421935542947e-07,-8.194819675182976e-08,2.135047591778072e-07,2.971293894046004e-07,-2.9128041496943044e-09,2.0,1.484441765857253e-07,8.103796356330473e-09,1.6168468131871403e-08,0.003433138801868063,0.9998104892949444,3.6738963980231744e-08,8.721262139655773e-09,2.2299305640391267e-08,0.01512168991030505,0.9963901235558278,1.0265980478707717e-07,1.0534433138020054e-08,3.139786752509205e-08,0.00647010309214684,0.9993287139808265,2.968883531714506e-07,-7.347792796046349e-08,2.0531960957415435e-07,2.41036233149796e-10,-8.470268791366275e-09,8.185149603652854e-09
motional_heating__motional_dephasing,motional_heating,motional_dephasing,1.0,2.0,2.0,5.94040690794404e-07,6.086962668425263e-07,-1.6925516156131824e-07,4.203679542444383e-07,6.013684788184651e-07,-7.3277880240611585e-09,4.0,1.484441765857253e-07,8.103796356330473e-09,1.6168468131871403e-08,0.003433138801868063,0.9998104892949444,3.6738963980231744e-08,8.721262139655773e-09,2.2299305640391267e-08,0.01512168991030505,0.9963901235558278,1.0265980478707717e-07,1.0534433138020054e-08,3.139786752509205e-08,0.00647010309214684,0.9993287139808265,5.937767063429012e-07,-1.4695585592092698e-07,4.106392191483087e-07,7.591772475563948e-09,-2.2299305640391267e-08,9.728735096129596e-09
motional_heating__motional_dephasing,motional_heating,motional_dephasing,1.0,4.0,2.0,1.1980249090916056e-06,1.2071274589413544e-06,-3.0352280259938937e-07,8.280212841077494e-07,1.20257618401648e-06,-4.551274924874415e-09,8.0,1.484441765857253e-07,8.103796356330473e-09,1.6168468131871403e-08,0.003433138801868063,0.9998104892949444,3.6738963980231744e-08,8.721262139655773e-09,2.2299305640391267e-08,0.01512168991030505,0.9963901235558278,1.0265980478707717e-07,1.0534433138020054e-08,3.139786752509205e-08,0.00647010309214684,0.9993287139808265,1.1875534126858024e-06,-2.9391171184185395e-07,8.212784382966174e-07,1.5022771330677617e-08,-9.611090757535421e-09,6.7428458111320545e-09
motional_heating__motional_dephasing,motional_heating,motional_dephasing,1.0,0.0,4.0,-1.0842021724855044e-19,1.3552527156068805e-19,0.0,0.0,1.3552527156068805e-20,-1.2197274440461925e-19,0.0,1.484441765857253e-07,8.103796356330473e-09,1.6168468131871403e-08,0.003433138801868063,0.9998104892949444,3.6738963980231744e-08,8.721262139655773e-09,2.2299305640391267e-08,0.01512168991030505,0.9963901235558278,1.0265980478707717e-07,1.0534433138020054e-08,3.139786752509205e-08,0.00647010309214684,0.9993287139808265,0.0,-0.0,0.0,1.3552527156068805e-20,0.0,0.0
motional_heating__motional_dephasing,motional_heating,motional_dephasing,1.0,0.5,4.0,3.0010056213051594e-07,2.882418282192415e-07,-7.400902025977205e-08,2.0094538877649118e-07,2.9417119517487873e-07,5.929366955637213e-09,2.0,1.484441765857253e-07,8.103796356330473e-09,1.6168468131871403e-08,0.003433138801868063,0.9998104892949444,3.6738963980231744e-08,8.721262139655773e-09,2.2299305640391267e-08,0.01512168991030505,0.9963901235558278,1.0265980478707717e-07,1.0534433138020054e-08,3.139786752509205e-08,0.00647010309214684,0.9993287139808265,2.968883531714506e-07,-7.347792796046349e-08,2.0531960957415435e-07,-2.7171579965718735e-09,-5.310922993085643e-10,-4.374220797663169e-09
motional_heating__motional_dephasing,motional_heating,motional_dephasing,1.0,1.0,4.0,5.917135858308142e-07,5.865301592017336e-07,-1.5214594411574157e-07,4.167353825253184e-07,5.891218725162739e-07,2.5917133145402773e-09,4.0,1.484441765857253e-07,8.103796356330473e-09,1.6168468131871403e-08,0.003433138801868063,0.9998104892949444,3.6738963980231744e-08,8.721262139655773e-09,2.2299305640391267e-08,0.01512168991030505,0.9963901235558278,1.0265980478707717e-07,1.0534433138020054e-08,3.139786752509205e-08,0.00647010309214684,0.9993287139808265,5.937767063429012e-07,-1.4695585592092698e-07,4.106392191483087e-07,-4.654833826627276e-09,-5.190088194814597e-09,6.096163377009692e-09
motional_heating__motional_dephasing,motional_heating,motional_dephasing,1.0,2.0,4.0,1.1884648900664955e-06,1.1852604012669926e-06,-2.953820287438002e-07,8.284946117695369e-07,1.186862645666744e-06,1.6022443997514837e-09,8.0,1.484441765857253e-07,8.103796356330473e-09,1.6168468131871403e-08,0.003433138801868063,0.9998104892949444,3.6738963980231744e-08,8.721262139655773e-09,2.2299305640391267e-08,0.01512168991030505,0.9963901235558278,1.0265980478707717e-07,1.0534433138020054e-08,3.139786752509205e-08,0.00647010309214684,0.9993287139808265,1.1875534126858024e-06,-2.9391171184185395e-07,8.212784382966174e-07,-6.907670190583649e-10,-1.4703169019462594e-09,7.2161734729194805e-09
motional_heating__motional_dephasing,motional_heating,motional_dephasing,1.0,4.0,4.0,2.3605690723298113e-06,2.3603564853091517e-06,-5.767385914792799e-07,1.6281708325183164e-06,2.3604627788194815e-06,1.0629351032979874e-10,16.0,1.484441765857253e-07,8.103796356330473e-09,1.6168468131871403e-08,0.003433138801868063,0.9998104892949444,3.6738963980231744e-08,8.721262139655773e-09,2.2299305640391267e-08,0.01512168991030505,0.9963901235558278,1.0265980478707717e-07,1.0534433138020054e-08,3.139786752509205e-08,0.00647010309214684,0.9993287139808265,2.375106825371605e-06,-5.878234236837079e-07,1.6425568765932348e-06,-1.4644046552123329e-08,1.1084832204428036e-08,-1.4386044074918378e-08
motional_heating__motional_dephasing,motional_heating,motional_dephasing,2.0,0.0,0.0,0.0,0.0,0.0,0.0,0.0,0.0,0.0,1.9871578308810177e-07,1.511777228369321e-08,3.174234420233237e-08,0.004792357549205979,0.9996297570859428,8.02612047687621e-08,1.3203560573537891e-08,2.8923423226460187e-08,0.010426798945039813,0.9982512050357305,8.569558269116427e-08,2.6022852946611656e-08,6.812381379973091e-08,0.01922990050682626,0.9939555821641554,0.0,-0.0,0.0,0.0,0.0,0.0
motional_heating__motional_dephasing,motional_heating,motional_dephasing,2.0,0.5,0.0,0.0,0.0,0.0,0.0,0.0,0.0,0.0,1.9871578308810177e-07,1.511777228369321e-08,3.174234420233237e-08,0.004792357549205979,0.9996297570859428,8.02612047687621e-08,1.3203560573537891e-08,2.8923423226460187e-08,0.010426798945039813,0.9982512050357305,8.569558269116427e-08,2.6022852946611656e-08,6.812381379973091e-08,0.01922990050682626,0.9939555821641554,0.0,-0.0,0.0,0.0,0.0,0.0
motional_heating__motional_dephasing,motional_heating,motional_dephasing,2.0,1.0,0.0,0.0,0.0,0.0,0.0,0.0,0.0,0.0,1.9871578308810177e-07,1.511777228369321e-08,3.174234420233237e-08,0.004792357549205979,0.9996297570859428,8.02612047687621e-08,1.3203560573537891e-08,2.8923423226460187e-08,0.010426798945039813,0.9982512050357305,8.569558269116427e-08,2.6022852946611656e-08,6.812381379973091e-08,0.01922990050682626,0.9939555821641554,0.0,-0.0,0.0,0.0,0.0,0.0
motional_heating__motional_dephasing,motional_heating,motional_dephasing,2.0,2.0,0.0,0.0,0.0,0.0,0.0,0.0,0.0,0.0,1.9871578308810177e-07,1.511777228369321e-08,3.174234420233237e-08,0.004792357549205979,0.9996297570859428,8.02612047687621e-08,1.3203560573537891e-08,2.8923423226460187e-08,0.010426798945039813,0.9982512050357305,8.569558269116427e-08,2.6022852946611656e-08,6.812381379973091e-08,0.01922990050682626,0.9939555821641554,0.0,-0.0,0.0,0.0,0.0,0.0
motional_heating__motional_dephasing,motional_heating,motional_dephasing,2.0,4.0,0.0,0.0,0.0,0.0,0.0,0.0,0.0,0.0,1.9871578308810177e-07,1.511777228369321e-08,3.174234420233237e-08,0.004792357549205979,0.9996297570859428,8.02612047687621e-08,1.3203560573537891e-08,2.8923423226460187e-08,0.010426798945039813,0.9982512050357305,8.569558269116427e-08,2.6022852946611656e-08,6.812381379973091e-08,0.01922990050682626,0.9939555821641554,0.0,-0.0,0.0,0.0,0.0,0.0
motional_heating__motional_dephasing,motional_heating,motional_dephasing,2.0,0.0,0.5,0.0,0.0,0.0,0.0,0.0,0.0,0.0,1.9871578308810177e-07,1.511777228369321e-08,3.174234420233237e-08,0.004792357549205979,0.9996297570859428,8.02612047687621e-08,1.3203560573537891e-08,2.8923423226460187e-08,0.010426798945039813,0.9982512050357305,8.569558269116427e-08,2.6022852946611656e-08,6.812381379973091e-08,0.01922990050682626,0.9939555821641554,0.0,-0.0,0.0,0.0,0.0,0.0
motional_heating__motional_dephasing,motional_heating,motional_dephasing,2.0,0.5,0.5,6.568350247862162e-08,4.4803105671850994e-08,-1.7020614408993703e-08,7.1781129651338205e-09,5.5243304075236303e-08,1.0440198403385313e-08,0.25,1.9871578308810177e-07,1.511777228369321e-08,3.174234420233237e-08,0.004792357549205979,0.9996297570859428,8.02612047687621e-08,1.3203560573537891e-08,2.8923423226460187e-08,0.010426798945039813,0.9982512050357305,8.569558269116427e-08,2.6022852946611656e-08,6.812381379973091e-08,0.01922990050682626,0.9939555821641554,4.9678945772025443e-08,-2.0065301192190526e-08,2.1423895672791067e-08,5.56435830321086e-09,3.044686783196823e-09,-1.4245782707657247e-08
motional_heating__motional_dephasing,motional_heating,motional_dephasing,2.0,1.0,0.5,1.2418790357269366e-07,8.796593995786302e-08,-4.6063634268067595e-08,5.3538007041553655e-08,1.0607692176527834e-07,1.8110981807415317e-08,0.5,1.9871578308810177e-07,1.511777228369321e-08,3.174234420233237e-08,0.004792357549205979,0.9996297570859428,8.02612047687621e-08,1.3203560573537891e-08,2.8923423226460187e-08,0.010426798945039813,0.9982512050357305,8.569558269116427e-08,2.6022852946611656e-08,6.812381379973091e-08,0.01922990050682626,0.9939555821641554,9.935789154405089e-08,-4.013060238438105e-08,4.2847791345582134e-08,6.719030221227455e-09,-5.933031883686542e-09,1.069021569597152e-08
motional_heating__motional_dephasing,motional_heating,motional_dephasing,2.0,2.0,0.5,2.031603207107522e-07,2.0409614873617614e-07,-7.296448157256484e-08,5.936774039733139e-08,2.0362823472346416e-07,-4.67914012711973e-10,1.0,1.9871578308810177e-07,1.511777228369321e-08,3.174234420233237e-08,0.004792357549205979,0.9996297570859428,8.02612047687621e-08,1.3203560573537891e-08,2.8923423226460187e-08,0.010426798945039813,0.9982512050357305,8.569558269116427e-08,2.6022852946611656e-08,6.812381379973091e-08,0.01922990050682626,0.9939555821641554,1.9871578308810177e-07,-8.02612047687621e-08,8.569558269116427e-08,4.912451635362384e-09,7.296723196197266e-09,-2.6327842293832876e-08
motional_heating__motional_dephasing,motional_heating,motional_dephasing,2.0,4.0,0.5,4.2983763006983026e-07,4.011933273103492e-07,-1.6518521702845078e-07,1.6204432280730876e-07,4.155154786900897e-07,1.432215137974052e-08,2.0,1.9871578308810177e-07,1.511777228369321e-08,3.174234420233237e-08,0.004792357549205979,0.9996297570859428,8.02612047687621e-08,1.3203560573537891e-08,2.8923423226460187e-08,0.010426798945039813,0.9982512050357305,8.569558269116427e-08,2.6022852946611656e-08,6.812381379973091e-08,0.01922990050682626,0.9939555821641554,3.9743156617620355e-07,-1.605224095375242e-07,1.7139116538232854e-07,1.808391251388617e-08,-4.6628074909265665e-09,-9.346842575019771e-09
motional_heating__motional_dephasing,motional_heating,motional_dephasing,2.0,0.0,1.0,1.0842021724855044e-19,1.0842021724855044e-19,0.0,0.0,1.0842021724855044e-19,0.0,0.0,1.9871578308810177e-07,1.511777228369321e-08,3.174234420233237e-08,0.004792357549205979,0.9996297570859428,8.02612047687621e-08,1.3203560573537891e-08,2.8923423226460187e-08,0.010426798945039813,0.9982512050357305,8.569558269116427e-08,2.6022852946611656e-08,6.812381379973091e-08,0.01922990050682626,0.9939555821641554,0.0,-0.0,0.0,1.0842021724855044e-19,0.0,0.0
motional_heating__motional_dephasing,motional_heating,motional_dephasing,2.0,0.5,1.0,1.1058755531071721e-07,1.0206050352317821e-07,-3.740782362929122e-08,7.186944593617905e-08,1.0632402941694771e-07,4.263525893769501e-09,0.5,1.9871578308810177e-07,1.511777228369321e-08,3.174234420233237e-08,0.004792357549205979,0.9996297570859428,8.02612047687621e-08,1.3203560573537891e-08,2.8923423226460187e-08,0.010426798945039813,0.9982512050357305,8.569558269116427e-08,2.6022852946611656e-08,6.812381379973091e-08,0.01922990050682626,0.9939555821641554,9.935789154405089e-08,-4.013060238438105e-08,4.2847791345582134e-08,6.966137872896825e-09,2.7227787550898297e-09,2.902165459059692e-08
motional_heating__motional_dephasing,motional_heating,motional_dephasing,2.0,1.0,1.0,2.2824976339812667e-07,1.9024606163987794e-07,-8.350315778291388e-08,1.5381939649089518e-07,2.092479125190023e-07,1.9001850879124364e-08,1.0,1.9871578308810177e-07,1.511777228369321e-08,3.174234420233237e-08,0.004792357549205979,0.9996297570859428,8.02612047687621e-08,1.3203560573537891e-08,2.8923423226460187e-08,0.010426798945039813,0.9982512050357305,8.569558269116427e-08,2.6022852946611656e-08,6.812381379973091e-08,0.01922990050682626,0.9939555821641554,1.9871578308810177e-07,-8.02612047687621e-08,8.569558269116427e-08,1.0532129430900532e-08,-3.241953014151775e-09,6.812381379973091e-08
motional_heating__motional_dephasing,motional_heating,motional_dephasing,2.0,2.0,1.0,4.2671742536421874e-07,3.913572983806372e-07,-1.6427304129137957e-07,1.833132545411842e-07,4.0903736187242797e-07,1.768006349179077e-08,2.0,1.9871578308810177e-07,1.511777228369321e-08,3.174234420233237e-08,0.004792357549205979,0.9996297570859428,8.02612047687621e-08,1.3203560573537891e-08,2.8923423226460187e-08,0.010426798945039813,0.9982512050357305,8.569558269116427e-08,2.6022852946611656e-08,6.812381379973091e-08,0.01922990050682626,0.9939555821641554,3.9743156617620355e-07,-1.605224095375242e-07,1.7139116538232854e-07,1.1605795696224424e-08,-3.750631753855356e-09,1.1922089158855654e-08
motional_heating__motional_dephasing,motional_heating,motional_dephasing,2.0,4.0,1.0,8.378642364054818e-07,8.153467167039971e-07,-3.322567154627129e-07,3.804860795320053e-07,8.266054765547395e-07,1.1258759850742324e-08,4.0,1.9871578308810177e-07,1.511777228369321e-08,3.174234420233237e-08,0.004792357549205979,0.9996297570859428,8.02612047687621e-08,1.3203560573537891e-08,2.8923423226460187e-08,0.010426798945039813,0.9982512050357305,8.569558269116427e-08,2.6022852946611656e-08,6.812381379973091e-08,0.01922990050682626,0.9939555821641554,7.948631323524071e-07,-3.210448190750484e-07,3.4278233076465707e-07,3.174234420233237e-08,-1.1211896387664482e-08,3.7703748767348234e-08
motional_heating__motional_dephasing,motional_heating,motional_dephasing,2.0,0.0,2.0,1.0842021724855044e-19,1.0842021724855044e-19,0.0,0.0,1.0842021724855044e-19,0.0,0.0,1.9871578308810177e-07,1.511777228369321e-08,3.174234420233237e-08,0.004792357549205979,0.9996297570859428,8.02612047687621e-08,1.3203560573537891e-08,2.8923423226460187e-08,0.010426798945039813,0.9982512050357305,8.569558269116427e-08,2.6022852946611656e-08,6.812381379973091e-08,0.01922990050682626,0.9939555821641554,0.0,-0.0,0.0,1.0842021724855044e-19,0.0,0.0
motional_heating__motional_dephasing,motional_heating,motional_dephasing,2.0,0.5,2.0,2.1196026235928162e-07,1.96628038930482e-07,-8.811146732460445e-08,7.230357652876497e-08,2.0429415064488182e-07,7.666111714399806e-09,1.0,1.9871578308810177e-07,1.511777228369321e-08,3.174234420233237e-08,0.004792357549205979,0.9996297570859428,8.02612047687621e-08,1.3203560573537891e-08,2.8923423226460187e-08,0.010426798945039813,0.9982512050357305,8.569558269116427e-08,2.6022852946611656e-08,6.812381379973091e-08,0.01922990050682626,0.9939555821641554,1.9871578308810177e-07,-8.02612047687621e-08,8.569558269116427e-08,5.578367556780041e-09,-7.850262555842348e-09,-1.3392006162399298e-08
motional_heating__motional_dephasing,motional_heating,motional_dephasing,2.0,1.0,2.0,4.147961720184094e-07,3.96532984753826e-07,-1.894458327639844e-07,1.895338284027548e-07,4.0566457838611767e-07,9.131593632291683e-09,2.0,1.9871578308810177e-07,1.511777228369321e-08,3.174234420233237e-08,0.004792357549205979,0.9996297570859428,8.02612047687621e-08,1.3203560573537891e-08,2.8923423226460187e-08,0.010426798945039813,0.9982512050357305,8.569558269116427e-08,2.6022852946611656e-08,6.812381379973091e-08,0.01922990050682626,0.9939555821641554,3.9743156617620355e-07,-1.605224095375242e-07,1.7139116538232854e-07,8.233012209914123e-09,-2.8923423226460187e-08,1.8142663020426253e-08
motional_heating__motional_dephasing,motional_heating,motional_dephasing,2.0,2.0,2.0,8.324959765126623e-07,7.854136962701661e-07,-3.308305902586725e-07,3.425189729136524e-07,8.089548363914142e-07,2.3541140121248125e-08,4.0,1.9871578308810177e-07,1.511777228369321e-08,3.174234420233237e-08,0.004792357549205979,0.9996297570859428,8.02612047687621e-08,1.3203560573537891e-08,2.8923423226460187e-08,0.010426798945039813,0.9982512050357305,8.569558269116427e-08,2.6022852946611656e-08,6.812381379973091e-08,0.01922990050682626,0.9939555821641554,7.948631323524071e-07,-3.210448190750484e-07,3.4278233076465707e-07,1.4091704039007114e-08,-9.785771183624086e-09,-2.633578510046633e-10
motional_heating__motional_dephasing,motional_heating,motional_dephasing,2.0,4.0,2.0,1.6289215801010152e-06,1.6078931953795702e-06,-6.664745841834449e-07,6.699990415387491e-07,1.6184073877402927e-06,1.0514192360722499e-08,8.0,1.9871578308810177e-07,1.511777228369321e-08,3.174234420233237e-08,0.004792357549205979,0.9996297570859428,8.02612047687621e-08,1.3203560573537891e-08,2.8923423226460187e-08,0.010426798945039813,0.9982512050357305,8.569558269116427e-08,2.6022852946611656e-08,6.812381379973091e-08,0.01922990050682626,0.9939555821641554,1.5897262647048142e-06,-6.420896381500968e-07,6.855646615293141e-07,2.8681123035478465e-08,-2.4384946033348063e-08,-1.5565619990565026e-08
motional_heating__motional_dephasing,motional_heating,motional_dephasing,2.0,0.0,4.0,1.0842021724855044e-19,-3.2526065174565133e-19,0.0,0.0,-1.0842021724855044e-19,2.168404344971009e-19,0.0,1.9871578308810177e-07,1.511777228369321e-08,3.174234420233237e-08,0.004792357549205979,0.9996297570859428,8.02612047687621e-08,1.3203560573537891e-08,2.8923423226460187e-08,0.010426798945039813,0.9982512050357305,8.569558269116427e-08,2.6022852946611656e-08,6.812381379973091e-08,0.01922990050682626,0.9939555821641554,0.0,-0.0,0.0,-1.0842021724855044e-19,0.0,0.0
motional_heating__motional_dephasing,motional_heating,motional_dephasing,2.0,0.5,4.0,4.214750719189935e-07,3.607004641876599e-07,-1.7425336261748213e-07,1.9518399330120673e-07,3.910877680533267e-07,3.038730386566678e-08,2.0,1.9871578308810177e-07,1.511777228369321e-08,3.174234420233237e-08,0.004792357549205979,0.9996297570859428,8.02612047687621e-08,1.3203560573537891e-08,2.8923423226460187e-08,0.010426798945039813,0.9982512050357305,8.569558269116427e-08,2.6022852946611656e-08,6.812381379973091e-08,0.01922990050682626,0.9939555821641554,3.9743156617620355e-07,-1.605224095375242e-07,1.7139116538232854e-07,-6.343798122876848e-09,-1.3730953079957919e-08,2.379282791887819e-08
motional_heating__motional_dephasing,motional_heating,motional_dephasing,2.0,1.0,4.0,7.991915785700689e-07,7.838005482470193e-07,-3.313036251715619e-07,3.752430441233967e-07,7.914960634085441e-07,7.695515161524821e-09,4.0,1.9871578308810177e-07,1.511777228369321e-08,3.174234420233237e-08,0.004792357549205979,0.9996297570859428,8.02612047687621e-08,1.3203560573537891e-08,2.8923423226460187e-08,0.010426798945039813,0.9982512050357305,8.569558269116427e-08,2.6022852946611656e-08,6.812381379973091e-08,0.01922990050682626,0.9939555821641554,7.948631323524071e-07,-3.210448190750484e-07,3.4278233076465707e-07,-3.3670689438630156e-09,-1.0258806096513472e-08,3.2460713358739635e-08
motional_heating__motional_dephasing,motional_heating,motional_dephasing,2.0,2.0,4.0,1.580254667343903e-06,1.5758411027315964e-06,-6.244679693623301e-07,6.852244153962572e-07,1.5780478850377496e-06,2.2067823061532738e-09,8.0,1.9871578308810177e-07,1.511777228369321e-08,3.174234420233237e-08,0.004792357549205979,0.9996297570859428,8.02612047687621e-08,1.3203560573537891e-08,2.8923423226460187e-08,0.010426798945039813,0.9982512050357305,8.569558269116427e-08,2.6022852946611656e-08,6.812381379973091e-08,0.01922990050682626,0.9939555821641554,1.5897262647048142e-06,-6.420896381500968e-07,6.855646615293141e-07,-1.167837966706455e-08,1.7621668787766777e-08,-3.40246133056919e-10
motional_heating__motional_dephasing,motional_heating,motional_dephasing,2.0,4.0,4.0,3.1629540648507983e-06,3.1461629525962815e-06,-1.266310076863909e-06,1.353249484435659e-06,3.15455850872354e-06,8.39555612725841e-09,16.0,1.9871578308810177e-07,1.511777228369321e-08,3.174234420233237e-08,0.004792357549205979,0.9996297570859428,8.02612047687621e-08,1.3203560573537891e-08,2.8923423226460187e-08,0.010426798945039813,0.9982512050357305,8.569558269116427e-08,2.6022852946611656e-08,6.812381379973091e-08,0.01922990050682626,0.9939555821641554,3.1794525294096284e-06,-1.2841792763001937e-06,1.3711293230586283e-06,-2.4894020686088512e-08,1.7869199436284695e-08,-1.787983862296922e-08
motional_heating__motional_dephasing,motional_heating,motional_dephasing,3.0,0.0,0.0,0.0,0.0,0.0,0.0,0.0,0.0,0.0,2.6581123721857384e-07,2.417623160130653e-08,4.4620472200298414e-08,0.00574352379034373,0.9994669246661152,1.27774783390963e-07,3.433232900542717e-08,7.171002028261129e-08,0.016794677934035565,0.9956934801995032,5.889043947521883e-08,4.8627685142941124e-08,7.808962599028993e-08,0.04805567960554164,0.9657753031227804,0.0,-0.0,0.0,0.0,0.0,0.0
motional_heating__motional_dephasing,motional_heating,motional_dephasing,3.0,0.5,0.0,0.0,0.0,0.0,0.0,0.0,0.0,0.0,2.6581123721857384e-07,2.417623160130653e-08,4.4620472200298414e-08,0.00574352379034373,0.9994669246661152,1.27774783390963e-07,3.433232900542717e-08,7.171002028261129e-08,0.016794677934035565,0.9956934801995032,5.889043947521883e-08,4.8627685142941124e-08,7.808962599028993e-08,0.04805567960554164,0.9657753031227804,0.0,-0.0,0.0,0.0,0.0,0.0
motional_heating__motional_dephasing,motional_heating,motional_dephasing,3.0,1.0,0.0,0.0,0.0,0.0,0.0,0.0,0.0,0.0,2.6581123721857384e-07,2.417623160130653e-08,4.4620472200298414e-08,0.00574352379034373,0.9994669246661152,1.27774783390963e-07,3.433232900542717e-08,7.171002028261129e-08,0.016794677934035565,0.9956934801995032,5.889043947521883e-08,4.8627685142941124e-08,7.808962599028993e-08,0.04805567960554164,0.9657753031227804,0.0,-0.0,0.0,0.0,0.0,0.0
motional_heating__motional_dephasing,motional_heating,motional_dephasing,3.0,2.0,0.0,0.0,0.0,0.0,0.0,0.0,0.0,0.0,2.6581123721857384e-07,2.417623160130653e-08,4.4620472200298414e-08,0.00574352379034373,0.9994669246661152,1.27774783390963e-07,3.433232900542717e-08,7.171002028261129e-08,0.016794677934035565,0.9956934801995032,5.889043947521883e-08,4.8627685142941124e-08,7.808962599028993e-08,0.04805567960554164,0.9657753031227804,0.0,-0.0,0.0,0.0,0.0,0.0
motional_heating__motional_dephasing,motional_heating,motional_dephasing,3.0,4.0,0.0,0.0,0.0,0.0,0.0,0.0,0.0,0.0,2.6581123721857384e-07,2.417623160130653e-08,4.4620472200298414e-08,0.00574352379034373,0.9994669246661152,1.27774783390963e-07,3.433232900542717e-08,7.171002028261129e-08,0.016794677934035565,0.9956934801995032,5.889043947521883e-08,4.8627685142941124e-08,7.808962599028993e-08,0.04805567960554164,0.9657753031227804,0.0,-0.0,0.0,0.0,0.0,0.0
motional_heating__motional_dephasing,motional_heating,motional_dephasing,3.0,0.0,0.5,-5.421010862427522e-20,0.0,0.0,0.0,-2.710505431213761e-20,-2.710505431213761e-20,0.0,2.6581123721857384e-07,2.417623160130653e-08,4.4620472200298414e-08,0.00574352379034373,0.9994669246661152,1.27774783390963e-07,3.433232900542717e-08,7.171002028261129e-08,0.016794677934035565,0.9956934801995032,5.889043947521883e-08,4.8627685142941124e-08,7.808962599028993e-08,0.04805567960554164,0.9657753031227804,0.0,-0.0,0.0,-2.710505431213761e-20,0.0,0.0
motional_heating__motional_dephasing,motional_heating,motional_dephasing,3.0,0.5,0.5,1.1467582483880604e-07,5.960734034680427e-08,2.2303912402318188e-08,-7.4413704156950375e-09,8.714158259280516e-08,2.7534242246000885e-08,0.25,2.6581123721857384e-07,2.417623160130653e-08,4.4620472200298414e-08,0.00574352379034373,0.9994669246661152,1.27774783390963e-07,3.433232900542717e-08,7.171002028261129e-08,0.016794677934035565,0.9956934801995032,5.889043947521883e-08,4.8627685142941124e-08,7.808962599028993e-08,0.04805567960554164,0.9657753031227804,6.645280930464346e-08,-3.194369584774075e-08,1.4722609868804708e-08,2.06887732881617e-08,5.424760825005894e-08,-2.2163980284499745e-08
motional_heating__motional_dephasing,motional_heating,motional_dephasing,3.0,1.0,0.5,1.9569238746548452e-07,9.698598494938764e-08,-2.60641592679349e-08,-3.3259592378820375e-08,1.4633918620743608e-07,4.935320125804844e-08,0.5,2.6581123721857384e-07,2.417623160130653e-08,4.4620472200298414e-08,0.00574352379034373,0.9994669246661152,1.27774783390963e-07,3.433232900542717e-08,7.171002028261129e-08,0.016794677934035565,0.9956934801995032,5.889043947521883e-08,4.8627685142941124e-08,7.808962599028993e-08,0.04805567960554164,0.9657753031227804,1.3290561860928692e-07,-6.38873916954815e-08,2.9445219737609416e-08,1.3433567598149154e-08,3.7823232427546605e-08,-6.27048121164298e-08
motional_heating__motional_dephasing,motional_heating,motional_dephasing,3.0,2.0,0.5,3.079436206554725e-07,2.759821160634897e-07,-1.202097296075337e-07,-1.830851339978956e-08,2.919628683594811e-07,1.5980752295991418e-08,1.0,2.6581123721857384e-07,2.417623160130653e-08,4.4620472200298414e-08,0.00574352379034373,0.9994669246661152,1.27774783390963e-07,3.433232900542717e-08,7.171002028261129e-08,0.016794677934035565,0.9956934801995032,5.889043947521883e-08,4.8627685142941124e-08,7.808962599028993e-08,0.04805567960554164,0.9657753031227804,2.6581123721857384e-07,-1.27774783390963e-07,5.889043947521883e-08,2.615163114090726e-08,7.565053783429305e-09,-7.71989528750084e-08
motional_heating__motional_dephasing,motional_heating,motional_dephasing,3.0,4.0,0.5,6.19333686057127e-07,5.070534172834686e-07,-2.4047596002040386e-07,5.2628431536361215e-08,5.631935516702978e-07,5.6140134386829235e-08,2.0,2.6581123721857384e-07,2.417623160130653e-08,4.4620472200298414e-08,0.00574352379034373,0.9994669246661152,1.27774783390963e-07,3.433232900542717e-08,7.171002028261129e-08,0.016794677934035565,0.9956934801995032,5.889043947521883e-08,4.8627685142941124e-08,7.808962599028993e-08,0.04805567960554164,0.9657753031227804,5.316224744371477e-07,-2.55549566781926e-07,1.1778087895043767e-07,3.157107723315011e-08,1.507360676152216e-08,-6.515244741407646e-08
motional_heating__motional_dephasing,motional_heating,motional_dephasing,3.0,0.0,1.0,-5.421010862427522e-20,0.0,0.0,0.0,-2.710505431213761e-20,-2.710505431213761e-20,0.0,2.6581123721857384e-07,2.417623160130653e-08,4.4620472200298414e-08,0.00574352379034373,0.9994669246661152,1.27774783390963e-07,3.433232900542717e-08,7.171002028261129e-08,0.016794677934035565,0.9956934801995032,5.889043947521883e-08,4.8627685142941124e-08,7.808962599028993e-08,0.04805567960554164,0.9657753031227804,0.0,-0.0,0.0,-2.710505431213761e-20,0.0,0.0
motional_heating__motional_dephasing,motional_heating,motional_dephasing,3.0,0.5,1.0,1.3413802675961385e-07,1.6116812370510318e-07,-2.7341213219237576e-08,1.3348175093019776e-08,1.4765307523235851e-07,-1.3515048472744666e-08,0.5,2.6581123721857384e-07,2.417623160130653e-08,4.4620472200298414e-08,0.00574352379034373,0.9994669246661152,1.27774783390963e-07,3.433232900542717e-08,7.171002028261129e-08,0.016794677934035565,0.9956934801995032,5.889043947521883e-08,4.8627685142941124e-08,7.808962599028993e-08,0.04805567960554164,0.9657753031227804,1.3290561860928692e-07,-6.38873916954815e-08,2.9445219737609416e-08,1.4747456623071592e-08,3.654617847624393e-08,-1.609704464458964e-08
motional_heating__motional_dephasing,motional_heating,motional_dephasing,3.0,1.0,1.0,2.630905786960947e-07,2.927769860825054e-07,-9.920466353691842e-08,3.966393970211701e-09,2.779337823893e-07,-1.484320369320535e-08,1.0,2.6581123721857384e-07,2.417623160130653e-08,4.4620472200298414e-08,0.00574352379034373,0.9994669246661152,1.27774783390963e-07,3.433232900542717e-08,7.171002028261129e-08,0.016794677934035565,0.9956934801995032,5.889043947521883e-08,4.8627685142941124e-08,7.808962599028993e-08,0.04805567960554164,0.9657753031227804,2.6581123721857384e-07,-1.27774783390963e-07,5.889043947521883e-08,1.212254517072616e-08,2.8570119854044585e-08,-5.492404550500713e-08
motional_heating__motional_dephasing,motional_heating,motional_dephasing,3.0,2.0,1.0,5.253111326173634e-07,5.889289141343488e-07,-2.500438862039489e-07,7.35133495466389e-08,5.571200233758561e-07,-3.1808890758492714e-08,2.0,2.6581123721857384e-07,2.417623160130653e-08,4.4620472200298414e-08,0.00574352379034373,0.9994669246661152,1.27774783390963e-07,3.433232900542717e-08,7.171002028261129e-08,0.016794677934035565,0.9956934801995032,5.889043947521883e-08,4.8627685142941124e-08,7.808962599028993e-08,0.04805567960554164,0.9657753031227804,5.316224744371477e-07,-2.55549566781926e-07,1.1778087895043767e-07,2.549754893870839e-08,5.505680577977114e-09,-4.426752940379876e-08
motional_heating__motional_dephasing,motional_heating,motional_dephasing,3.0,4.0,1.0,1.1021804812618298e-06,1.1135503608873578e-06,-5.096788274362024e-07,2.119934103053667e-07,1.1078654210745938e-06,-5.6849398127640106e-09,4.0,2.6581123721857384e-07,2.417623160130653e-08,4.4620472200298414e-08,0.00574352379034373,0.9994669246661152,1.27774783390963e-07,3.433232900542717e-08,7.171002028261129e-08,0.016794677934035565,0.9956934801995032,5.889043947521883e-08,4.8627685142941124e-08,7.808962599028993e-08,0.04805567960554164,0.9657753031227804,1.0632449488742954e-06,-5.11099133563852e-07,2.3556175790087533e-07,4.4620472200298414e-08,1.4203061276496324e-09,-2.3568347595508636e-08
motional_heating__motional_dephasing,motional_heating,motional_dephasing,3.0,0.0,2.0,-5.421010862427522e-20,0.0,0.0,0.0,-2.710505431213761e-20,-2.710505431213761e-20,0.0,2.6581123721857384e-07,2.417623160130653e-08,4.4620472200298414e-08,0.00574352379034373,0.9994669246661152,1.27774783390963e-07,3.433232900542717e-08,7.171002028261129e-08,0.016794677934035565,0.9956934801995032,5.889043947521883e-08,4.8627685142941124e-08,7.808962599028993e-08,0.04805567960554164,0.9657753031227804,0.0,-0.0,0.0,-2.710505431213761e-20,0.0,0.0
motional_heating__motional_dephasing,motional_heating,motional_dephasing,3.0,0.5,2.0,2.4342413730901865e-07,2.973704481411439e-07,-1.2347810969103729e-07,6.184299804895543e-08,2.703972927250813e-07,-2.697315541606263e-08,1.0,2.6581123721857384e-07,2.417623160130653e-08,4.4620472200298414e-08,0.00574352379034373,0.9994669246661152,1.27774783390963e-07,3.433232900542717e-08,7.171002028261129e-08,0.016794677934035565,0.9956934801995032,5.889043947521883e-08,4.8627685142941124e-08,7.808962599028993e-08,0.04805567960554164,0.9657753031227804,2.6581123721857384e-07,-1.27774783390963e-07,5.889043947521883e-08,4.586055506507438e-09,4.296673699925725e-09,2.9525585737366003e-09
motional_heating__motional_dephasing,motional_heating,motional_dephasing,3.0,1.0,2.0,5.396626293908947e-07,5.306719813081597e-07,-2.417191579777434e-07,8.467935200956457e-08,5.351673053495272e-07,4.4953240413675e-09,2.0,2.6581123721857384e-07,2.417623160130653e-08,4.4620472200298414e-08,0.00574352379034373,0.9994669246661152,1.27774783390963e-07,3.433232900542717e-08,7.171002028261129e-08,0.016794677934035565,0.9956934801995032,5.889043947521883e-08,4.8627685142941124e-08,7.808962599028993e-08,0.04805567960554164,0.9657753031227804,5.316224744371477e-07,-2.55549566781926e-07,1.1778087895043767e-07,3.544830912379463e-09,1.3830408804182619e-08,-3.3101526940873096e-08
motional_heating__motional_dephasing,motional_heating,motional_dephasing,3.0,2.0,2.0,1.0533501795801487e-06,1.1234778329060648e-06,-5.269564498809262e-07,1.6701625933646105e-07,1.0884140062431067e-06,-3.506382666295803e-08,4.0,2.6581123721857384e-07,2.417623160130653e-08,4.4620472200298414e-08,0.00574352379034373,0.9994669246661152,1.27774783390963e-07,3.433232900542717e-08,7.171002028261129e-08,0.016794677934035565,0.9956934801995032,5.889043947521883e-08,4.8627685142941124e-08,7.808962599028993e-08,0.04805567960554164,0.9657753031227804,1.0632449488742954e-06,-5.11099133563852e-07,2.3556175790087533e-07,2.5169057368811354e-08,-1.5857316317074173e-08,-6.854549856441428e-08
motional_heating__motional_dephasing,motional_heating,motional_dephasing,3.0,4.0,2.0,2.162385350978934e-06,2.162044261255682e-06,-1.0939082874103154e-06,4.745714871703943e-07,2.162214806117308e-06,1.705448616259441e-10,8.0,2.6581123721857384e-07,2.417623160130653e-08,4.4620472200298414e-08,0.00574352379034373,0.9994669246661152,1.27774783390963e-07,3.433232900542717e-08,7.171002028261129e-08,0.016794677934035565,0.9956934801995032,5.889043947521883e-08,4.8627685142941124e-08,7.808962599028993e-08,0.04805567960554164,0.9657753031227804,2.1264898977485908e-06,-1.022198267127704e-06,4.7112351580175066e-07,3.572490836871733e-08,-7.171002028261129e-08,3.4479713686436605e-09
motional_heating__motional_dephasing,motional_heating,motional_dephasing,3.0,0.0,4.0,-5.421010862427522e-20,0.0,0.0,0.0,-2.710505431213761e-20,-2.710505431213761e-20,0.0,2.6581123721857384e-07,2.417623160130653e-08,4.4620472200298414e-08,0.00574352379034373,0.9994669246661152,1.27774783390963e-07,3.433232900542717e-08,7.171002028261129e-08,0.016794677934035565,0.9956934801995032,5.889043947521883e-08,4.8627685142941124e-08,7.808962599028993e-08,0.04805567960554164,0.9657753031227804,0.0,-0.0,0.0,-2.710505431213761e-20,0.0,0.0
motional_heating__motional_dephasing,motional_heating,motional_dephasing,3.0,0.5,4.0,5.121109154532385e-07,5.72782920787128e-07,-1.999269482943697e-07,9.29636905164233e-08,5.424469181201832e-07,-3.033600266694474e-08,2.0,2.6581123721857384e-07,2.417623160130653e-08,4.4620472200298414e-08,0.00574352379034373,0.9994669246661152,1.27774783390963e-07,3.433232900542717e-08,7.171002028261129e-08,0.016794677934035565,0.9956934801995032,5.889043947521883e-08,4.8627685142941124e-08,7.808962599028993e-08,0.04805567960554164,0.9657753031227804,5.316224744371477e-07,-2.55549566781926e-07,1.1778087895043767e-07,1.082444368303552e-08,5.562261848755633e-08,-2.4817188434014372e-08
motional_heating__motional_dephasing,motional_heating,motional_dephasing,3.0,1.0,4.0,1.0573016578467056e-06,1.053000005008138e-06,-4.561123001975941e-07,1.574721319105854e-07,1.0551508314274218e-06,2.1508264192838315e-09,4.0,2.6581123721857384e-07,2.417623160130653e-08,4.4620472200298414e-08,0.00574352379034373,0.9994669246661152,1.27774783390963e-07,3.433232900542717e-08,7.171002028261129e-08,0.016794677934035565,0.9956934801995032,5.889043947521883e-08,4.8627685142941124e-08,7.808962599028993e-08,0.04805567960554164,0.9657753031227804,1.0632449488742954e-06,-5.11099133563852e-07,2.3556175790087533e-07,-8.094117446873533e-09,5.498683336625794e-08,-7.808962599028993e-08
motional_heating__motional_dephasing,motional_heating,motional_dephasing,3.0,2.0,4.0,2.0830017040335074e-06,2.160290582727334e-06,-1.0049844007759335e-06,4.770641128179487e-07,2.1216461433804206e-06,-3.864443934691324e-08,8.0,2.6581123721857384e-07,2.417623160130653e-08,4.4620472200298414e-08,0.00574352379034373,0.9994669246661152,1.27774783390963e-07,3.433232900542717e-08,7.171002028261129e-08,0.016794677934035565,0.9956934801995032,5.889043947521883e-08,4.8627685142941124e-08,7.808962599028993e-08,0.04805567960554164,0.9657753031227804,2.1264898977485908e-06,-1.022198267127704e-06,4.7112351580175066e-07,-4.843754368170118e-09,1.7213866351770587e-08,5.94059701619803e-09
motional_heating__motional_dephasing,motional_heating,motional_dephasing,3.0,4.0,4.0,4.188244663186813e-06,4.230361225397716e-06,-2.044238605841339e-06,1.0119029746763486e-06,4.209302944292265e-06,-2.1058281105451647e-08,16.0,2.6581123721857384e-07,2.417623160130653e-08,4.4620472200298414e-08,0.00574352379034373,0.9994669246661152,1.27774783390963e-07,3.433232900542717e-08,7.171002028261129e-08,0.016794677934035565,0.9956934801995032,5.889043947521883e-08,4.8627685142941124e-08,7.808962599028993e-08,0.04805567960554164,0.9657753031227804,4.2529797954971815e-06,-2.044396534255408e-06,9.422470316035013e-07,-4.367685120491685e-08,1.579284140689567e-10,6.965594307284727e-08
motional_heating__motional_dephasing,motional_heating,motional_dephasing,4.0,0.0,0.0,0.0,0.0,0.0,0.0,0.0,0.0,0.0,3.4192371711149936e-07,3.132651911161309e-08,6.261154787843659e-08,0.005784507917876381,0.9994619879335478,1.9587320190981067e-07,3.4073515520084965e-08,6.134114827627113e-08,0.011010887335628763,0.9980435856249545,5.4234256755290216e-08,3.102231504105727e-08,5.6921083692169563e-08,0.03687825156712252,0.977340639714026,0.0,-0.0,0.0,0.0,0.0,0.0
motional_heating__motional_dephasing,motional_heating,motional_dephasing,4.0,0.5,0.0,0.0,0.0,0.0,0.0,0.0,0.0,0.0,3.4192371711149936e-07,3.132651911161309e-08,6.261154787843659e-08,0.005784507917876381,0.9994619879335478,1.9587320190981067e-07,3.4073515520084965e-08,6.134114827627113e-08,0.011010887335628763,0.9980435856249545,5.4234256755290216e-08,3.102231504105727e-08,5.6921083692169563e-08,0.03687825156712252,0.977340639714026,0.0,-0.0,0.0,0.0,0.0,0.0
motional_heating__motional_dephasing,motional_heating,motional_dephasing,4.0,1.0,0.0,0.0,0.0,0.0,0.0,0.0,0.0,0.0,3.4192371711149936e-07,3.132651911161309e-08,6.261154787843659e-08,0.005784507917876381,0.9994619879335478,1.9587320190981067e-07,3.4073515520084965e-08,6.134114827627113e-08,0.011010887335628763,0.9980435856249545,5.4234256755290216e-08,3.102231504105727e-08,5.6921083692169563e-08,0.03687825156712252,0.977340639714026,0.0,-0.0,0.0,0.0,0.0,0.0
motional_heating__motional_dephasing,motional_heating,motional_dephasing,4.0,2.0,0.0,0.0,0.0,0.0,0.0,0.0,0.0,0.0,3.4192371711149936e-07,3.132651911161309e-08,6.261154787843659e-08,0.005784507917876381,0.9994619879335478,1.9587320190981067e-07,3.4073515520084965e-08,6.134114827627113e-08,0.011010887335628763,0.9980435856249545,5.4234256755290216e-08,3.102231504105727e-08,5.6921083692169563e-08,0.03687825156712252,0.977340639714026,0.0,-0.0,0.0,0.0,0.0,0.0
motional_heating__motional_dephasing,motional_heating,motional_dephasing,4.0,4.0,0.0,0.0,0.0,0.0,0.0,0.0,0.0,0.0,3.4192371711149936e-07,3.132651911161309e-08,6.261154787843659e-08,0.005784507917876381,0.9994619879335478,1.9587320190981067e-07,3.4073515520084965e-08,6.134114827627113e-08,0.011010887335628763,0.9980435856249545,5.4234256755290216e-08,3.102231504105727e-08,5.6921083692169563e-08,0.03687825156712252,0.977340639714026,0.0,-0.0,0.0,0.0,0.0,0.0
motional_heating__motional_dephasing,motional_heating,motional_dephasing,4.0,0.0,0.5,5.421010862427522e-20,0.0,0.0,0.0,2.710505431213761e-20,2.710505431213761e-20,0.0,3.4192371711149936e-07,3.132651911161309e-08,6.261154787843659e-08,0.005784507917876381,0.9994619879335478,1.9587320190981067e-07,3.4073515520084965e-08,6.134114827627113e-08,0.011010887335628763,0.9980435856249545,5.4234256755290216e-08,3.102231504105727e-08,5.6921083692169563e-08,0.03687825156712252,0.977340639714026,0.0,-0.0,0.0,2.710505431213761e-20,0.0,0.0
motional_heating__motional_dephasing,motional_heating,motional_dephasing,4.0,0.5,0.5,8.953419040788309e-08,9.34618406256936e-08,-6.02634967691862e-08,3.1433449371176536e-08,9.149801551678835e-08,-1.9638251089052535e-09,0.25,3.4192371711149936e-07,3.132651911161309e-08,6.261154787843659e-08,0.005784507917876381,0.9994619879335478,1.9587320190981067e-07,3.4073515520084965e-08,6.134114827627113e-08,0.011010887335628763,0.9980435856249545,5.4234256755290216e-08,3.102231504105727e-08,5.6921083692169563e-08,0.03687825156712252,0.977340639714026,8.548092927787484e-08,-4.896830047745267e-08,1.3558564188822554e-08,6.0170862389135055e-09,-1.1295196291733532e-08,1.7874885182353984e-08
motional_heating__motional_dephasing,motional_heating,motional_dephasing,4.0,1.0,0.5,1.789307583816469e-07,1.654625088970624e-07,-1.5927774923117646e-07,8.403821206981467e-08,1.7219663363935464e-07,6.73412474229224e-09,0.5,3.4192371711149936e-07,3.132651911161309e-08,6.261154787843659e-08,0.005784507917876381,0.9994619879335478,1.9587320190981067e-07,3.4073515520084965e-08,6.134114827627113e-08,0.011010887335628763,0.9980435856249545,5.4234256755290216e-08,3.102231504105727e-08,5.6921083692169563e-08,0.03687825156712252,0.977340639714026,1.7096185855574968e-07,-9.793660095490534e-08,2.7117128377645108e-08,1.2347750836049596e-09,-6.134114827627113e-08,5.6921083692169563e-08
motional_heating__motional_dephasing,motional_heating,motional_dephasing,4.0,2.0,0.5,3.5131033440969706e-07,3.738296762657509e-07,-2.394758281763082e-07,1.0371964237476661e-07,3.6257000533772396e-07,-1.125967092802693e-08,1.0,3.4192371711149936e-07,3.132651911161309e-08,6.261154787843659e-08,0.005784507917876381,0.9994619879335478,1.9587320190981067e-07,3.4073515520084965e-08,6.134114827627113e-08,0.011010887335628763,0.9980435856249545,5.4234256755290216e-08,3.102231504105727e-08,5.6921083692169563e-08,0.03687825156712252,0.977340639714026,3.4192371711149936e-07,-1.9587320190981067e-07,5.4234256755290216e-08,2.0646288226224604e-08,-4.360262626649752e-08,4.948538561947639e-08
motional_heating__motional_dephasing,motional_heating,motional_dephasing,4.0,4.0,0.5,7.088211923406162e-07,7.24914137460622e-07,-4.478153459485171e-07,1.1583573146511929e-07,7.168676649006191e-07,-8.046472560002899e-09,2.0,3.4192371711149936e-07,3.132651911161309e-08,6.261154787843659e-08,0.005784507917876381,0.9994619879335478,1.9587320190981067e-07,3.4073515520084965e-08,6.134114827627113e-08,0.011010887335628763,0.9980435856249545,5.4234256755290216e-08,3.102231504105727e-08,5.6921083692169563e-08,0.03687825156712252,0.977340639714026,6.838474342229987e-07,-3.9174640381962135e-07,1.0846851351058043e-07,3.302023067762038e-08,-5.606894212889573e-08,7.367217954538854e-09
motional_heating__motional_dephasing,motional_heating,motional_dephasing,4.0,0.0,1.0,5.421010862427522e-20,1.0842021724855044e-19,0.0,0.0,8.131516293641283e-20,-2.710505431213761e-20,0.0,3.4192371711149936e-07,3.132651911161309e-08,6.261154787843659e-08,0.005784507917876381,0.9994619879335478,1.9587320190981067e-07,3.4073515520084965e-08,6.134114827627113e-08,0.011010887335628763,0.9980435856249545,5.4234256755290216e-08,3.102231504105727e-08,5.6921083692169563e-08,0.03687825156712252,0.977340639714026,0.0,-0.0,0.0,8.131516293641283e-20,0.0,0.0
motional_heating__motional_dephasing,motional_heating,motional_dephasing,4.0,0.5,1.0,1.8550625035938147e-07,1.835015681078559e-07,-7.394566340843124e-08,1.6780291059448338e-08,1.8450390923361868e-07,1.0023411257627842e-09,0.5,3.4192371711149936e-07,3.132651911161309e-08,6.261154787843659e-08,0.005784507917876381,0.9994619879335478,1.9587320190981067e-07,3.4073515520084965e-08,6.134114827627113e-08,0.011010887335628763,0.9980435856249545,5.4234256755290216e-08,3.102231504105727e-08,5.6921083692169563e-08,0.03687825156712252,0.977340639714026,1.7096185855574968e-07,-9.793660095490534e-08,2.7117128377645108e-08,1.3542050677869005e-08,2.3990937546474095e-08,-1.033683731819677e-08
motional_heating__motional_dephasing,motional_heating,motional_dephasing,4.0,1.0,1.0,3.45718577091233e-07,3.555310205230781e-07,-2.0127737323377692e-07,4.9671876389822955e-08,3.506247988071555e-07,-4.906221715922556e-09,1.0,3.4192371711149936e-07,3.132651911161309e-08,6.261154787843659e-08,0.005784507917876381,0.9994619879335478,1.9587320190981067e-07,3.4073515520084965e-08,6.134114827627113e-08,0.011010887335628763,0.9980435856249545,5.4234256755290216e-08,3.102231504105727e-08,5.6921083692169563e-08,0.03687825156712252,0.977340639714026,3.4192371711149936e-07,-1.9587320190981067e-07,5.4234256755290216e-08,8.701081695656164e-09,-5.404171323966251e-09,-4.562380365467261e-09
motional_heating__motional_dephasing,motional_heating,motional_dephasing,4.0,2.0,1.0,7.118878826669933e-07,7.222269137174006e-07,-4.0178492024395274e-07,1.0367503111563536e-07,7.17057398192197e-07,-5.169515525203653e-09,2.0,3.4192371711149936e-07,3.132651911161309e-08,6.261154787843659e-08,0.005784507917876381,0.9994619879335478,1.9587320190981067e-07,3.4073515520084965e-08,6.134114827627113e-08,0.011010887335628763,0.9980435856249545,5.4234256755290216e-08,3.102231504105727e-08,5.6921083692169563e-08,0.03687825156712252,0.977340639714026,6.838474342229987e-07,-3.9174640381962135e-07,1.0846851351058043e-07,3.3209963969198275e-08,-1.0038516424331391e-08,-4.79348239494507e-09
motional_heating__motional_dephasing,motional_heating,motional_dephasing,4.0,4.0,1.0,1.4193150909300807e-06,1.4412977417187871e-06,-7.865391323091248e-07,1.7130233039008846e-07,1.430306416324434e-06,-1.0991325394353192e-08,4.0,3.4192371711149936e-07,3.132651911161309e-08,6.261154787843659e-08,0.005784507917876381,0.9994619879335478,1.9587320190981067e-07,3.4073515520084965e-08,6.134114827627113e-08,0.011010887335628763,0.9980435856249545,5.4234256755290216e-08,3.102231504105727e-08,5.6921083692169563e-08,0.03687825156712252,0.977340639714026,1.3676948684459974e-06,-7.834928076392427e-07,2.1693702702116087e-07,6.261154787843659e-08,-3.046324669882065e-09,-4.56346966310724e-08
motional_heating__motional_dephasing,motional_heating,motional_dephasing,4.0,0.0,2.0,5.421010862427522e-20,1.0842021724855044e-19,0.0,0.0,8.131516293641283e-20,-2.710505431213761e-20,0.0,3.4192371711149936e-07,3.132651911161309e-08,6.261154787843659e-08,0.005784507917876381,0.9994619879335478,1.9587320190981067e-07,3.4073515520084965e-08,6.134114827627113e-08,0.011010887335628763,0.9980435856249545,5.4234256755290216e-08,3.102231504105727e-08,5.6921083692169563e-08,0.03687825156712252,0.977340639714026,0.0,-0.0,0.0,8.131516293641283e-20,0.0,0.0
motional_heating__motional_dephasing,motional_heating,motional_dephasing,4.0,0.5,2.0,3.498059589417493e-07,3.482469494603966e-07,-2.0432006675886322e-07,9.690872201928437e-08,3.4902645420107297e-07,7.795047406763522e-10,1.0,3.4192371711149936e-07,3.132651911161309e-08,6.261154787843659e-08,0.005784507917876381,0.9994619879335478,1.9587320190981067e-07,3.4073515520084965e-08,6.134114827627113e-08,0.011010887335628763,0.9980435856249545,5.4234256755290216e-08,3.102231504105727e-08,5.6921083692169563e-08,0.03687825156712252,0.977340639714026,3.4192371711149936e-07,-1.9587320190981067e-07,5.4234256755290216e-08,7.102737089573608e-09,-8.446864849052544e-09,4.267446526399415e-08
motional_heating__motional_dephasing,motional_heating,motional_dephasing,4.0,1.0,2.0,6.752538050203518e-07,7.187982801190118e-07,-4.135161557347958e-07,1.5330185261508422e-07,6.970260425696818e-07,-2.1772237549330014e-08,2.0,3.4192371711149936e-07,3.132651911161309e-08,6.261154787843659e-08,0.005784507917876381,0.9994619879335478,1.9587320190981067e-07,3.4073515520084965e-08,6.134114827627113e-08,0.011010887335628763,0.9980435856249545,5.4234256755290216e-08,3.102231504105727e-08,5.6921083692169563e-08,0.03687825156712252,0.977340639714026,6.838474342229987e-07,-3.9174640381962135e-07,1.0846851351058043e-07,1.3178608346683117e-08,-2.176975191517443e-08,4.483333910450379e-08
motional_heating__motional_dephasing,motional_heating,motional_dephasing,4.0,2.0,2.0,1.3969707577115458e-06,1.4085541569743747e-06,-8.241772482403542e-07,2.521390195103779e-07,1.4027624573429603e-06,-5.791699631414434e-09,4.0,3.4192371711149936e-07,3.132651911161309e-08,6.261154787843659e-08,0.005784507917876381,0.9994619879335478,1.9587320190981067e-07,3.4073515520084965e-08,6.134114827627113e-08,0.011010887335628763,0.9980435856249545,5.4234256755290216e-08,3.102231504105727e-08,5.6921083692169563e-08,0.03687825156712252,0.977340639714026,1.3676948684459974e-06,-7.834928076392427e-07,2.1693702702116087e-07,3.5067588896962834e-08,-4.068444060111152e-08,3.520199248921706e-08
motional_heating__motional_dephasing,motional_heating,motional_dephasing,4.0,4.0,2.0,2.8087734853448156e-06,2.7860025805182204e-06,-1.625608313284184e-06,4.657880613018195e-07,2.797388032931518e-06,1.1385452413297621e-08,8.0,3.4192371711149936e-07,3.132651911161309e-08,6.261154787843659e-08,0.005784507917876381,0.9994619879335478,1.9587320190981067e-07,3.4073515520084965e-08,6.134114827627113e-08,0.011010887335628763,0.9980435856249545,5.4234256755290216e-08,3.102231504105727e-08,5.6921083692169563e-08,0.03687825156712252,0.977340639714026,2.735389736891995e-06,-1.5669856152784854e-06,4.3387405404232173e-07,6.199829603952315e-08,-5.8622698005698544e-08,3.191400725949776e-08
motional_heating__motional_dephasing,motional_heating,motional_dephasing,4.0,0.0,4.0,-3.7947076036992655e-19,-3.2526065174565133e-19,0.0,0.0,-3.5236570605778894e-19,-2.710505431213761e-20,0.0,3.4192371711149936e-07,3.132651911161309e-08,6.261154787843659e-08,0.005784507917876381,0.9994619879335478,1.9587320190981067e-07,3.4073515520084965e-08,6.134114827627113e-08,0.011010887335628763,0.9980435856249545,5.4234256755290216e-08,3.102231504105727e-08,5.6921083692169563e-08,0.03687825156712252,0.977340639714026,0.0,-0.0,0.0,-3.5236570605778894e-19,0.0,0.0
motional_heating__motional_dephasing,motional_heating,motional_dephasing,4.0,0.5,4.0,6.738415072476988e-07,6.878652409758471e-07,-3.599738046707046e-07,1.226188978409315e-07,6.80853374111773e-07,-7.011866864074139e-09,2.0,3.4192371711149936e-07,3.132651911161309e-08,6.261154787843659e-08,0.005784507917876381,0.9994619879335478,1.9587320190981067e-07,3.4073515520084965e-08,6.134114827627113e-08,0.011010887335628763,0.9980435856249545,5.4234256755290216e-08,3.102231504105727e-08,5.6921083692169563e-08,0.03687825156712252,0.977340639714026,6.838474342229987e-07,-3.9174640381962135e-07,1.0846851351058043e-07,-2.994060111225762e-09,3.1772599148916734e-08,1.4150384330351063e-08
motional_heating__motional_dephasing,motional_heating,motional_dephasing,4.0,1.0,4.0,1.3631415432644616e-06,1.3553151628900109e-06,-7.60531744241344e-07,2.244914962673539e-07,1.3592283530772362e-06,3.9131901872253745e-09,4.0,3.4192371711149936e-07,3.132651911161309e-08,6.261154787843659e-08,0.005784507917876381,0.9994619879335478,1.9587320190981067e-07,3.4073515520084965e-08,6.134114827627113e-08,0.011010887335628763,0.9980435856249545,5.4234256755290216e-08,3.102231504105727e-08,5.6921083692169563e-08,0.03687825156712252,0.977340639714026,1.3676948684459974e-06,-7.834928076392427e-07,2.1693702702116087e-07,-8.46651536876128e-09,2.2961063397898736e-08,7.554469246193034e-09
motional_heating__motional_dephasing,motional_heating,motional_dephasing,4.0,2.0,4.0,2.716643874783669e-06,2.712144062658379e-06,-1.5529663330397792e-06,4.266683391596082e-07,2.714393968721024e-06,2.2499060626450084e-09,8.0,3.4192371711149936e-07,3.132651911161309e-08,6.261154787843659e-08,0.005784507917876381,0.9994619879335478,1.9587320190981067e-07,3.4073515520084965e-08,6.134114827627113e-08,0.011010887335628763,0.9980435856249545,5.4234256755290216e-08,3.102231504105727e-08,5.6921083692169563e-08,0.03687825156712252,0.977340639714026,2.735389736891995e-06,-1.5669856152784854e-06,4.3387405404232173e-07,-2.0995768170970838e-08,1.4019282238706225e-08,-7.205714882713509e-09
motional_heating__motional_dephasing,motional_heating,motional_dephasing,4.0,4.0,4.0,5.417372122856203e-06,5.413806451487848e-06,-3.094529485360431e-06,8.412089435583248e-07,5.415589287172026e-06,1.7828356841775427e-09,16.0,3.4192371711149936e-07,3.132651911161309e-08,6.261154787843659e-08,0.005784507917876381,0.9994619879335478,1.9587320190981067e-07,3.4073515520084965e-08,6.134114827627113e-08,0.011010887335628763,0.9980435856249545,5.4234256755290216e-08,3.102231504105727e-08,5.6921083692169563e-08,0.03687825156712252,0.977340639714026,5.47077947378399e-06,-3.1339712305569708e-06,8.677481080846435e-07,-5.519018661196404e-08,3.944174519653972e-08,-2.65391645263187e-08
